品种,参考价格,中文学名,别名,祖先,分布区域,原产地,体型,原始用途,今日用途,分组,身高,体重,寿命,整体,毛发,颜色,头部,眼睛,耳朵,鼻子,尾巴,胸部,颈部,前驱,后驱,基本信息,FCI标准,性格特点,生活习性,优点/缺点,喂养方法,鉴别挑选
布偶猫,6000-20000元,布偶猫,"布娃娃猫,布拉多尔猫",白色长毛猫,英国、中国、,美国,大型,宠物猫,宠物猫,,30CM,9KG,15年,"布偶猫，又称“布拉多尔（Ragdoll）”，发源于美国，是一种杂交品种宠物猫。是现存体型最大、体重最重的猫之一。头呈楔形，眼大而圆，被毛丰厚，四肢较长且富有肉感，尾长，身体柔软，毛色有重点色、手套色或双色等等。布偶猫较为温顺好静，对人友善。其美丽优雅又非常类似于狗的性格（Puppy cat）而又被称为""仙女猫""，""小狗猫""。特殊的外貌和温和的性格是 布偶猫最大的特点之一。",,1、海豹色（Seal ）2、蓝色（Blue） 3、巧克力色（Chocolate）4、丁香色（Lilac5、火焰色/红色（Flame / Red）6、奶油色（Cream）7、烟色（Smoke）,在布偶猫还没有被广受推崇时，大家把大头圆脸作为判断猫咪是否可爱的标准，不过随着布偶猫的横空出世，这一标准随即被打破。布偶猫的头大但不呈圆形，而为楔形，两耳之间的头顶部扁平。有些人会说在照片上看布偶猫完全没觉得它们的脸是楔形的，那可能是因为布偶猫的毛发较长，再加上拍摄角度的问题所以导致视觉上的错觉。,布偶猫明亮的蓝色双眼似乎能直达你的心灵，如果仔细观察，你会发现布偶猫的眼睛是微微上扬的，是猫眼中的“丹凤眼”。,大小中等，基部宽，间距大，轻轻向前倾，耳间呈形。,中等长度的鼻子，有些布偶猫的鼻子上略有凹陷，下巴则跟上唇和鼻子为一直线。,长且拥有丰富的毛量。,,粗且强壮。,前腿的毛较短，,前腿的毛较短，,布偶猫的品种介绍                                                            布偶猫又叫布拉多尔猫、布娃娃猫、玩偶猫，拉丁学名为Ragdoll。虽然布偶猫的体型和体重在整个猫类中都是最大，但它们确是十足的温柔大块头。它们对人类非常友善，即便面对孩子们的打闹也能大度包容，因此布偶猫受到许多家庭的青睐。布偶猫的物种分布布偶猫种群主要分布于美国，也有多处分布在美国境外，如加拿大、澳大利亚、英国等欧洲地区、中国、日本、俄罗斯...分布较广。祖先为白色长毛猫与伯曼猫，于1960年开始繁育，1965年在美国获得认可，1985年和1986年先后进入德国和法国，2003年，布偶猫引进中国，进入中国家庭以及动物园。种群动态是生态学理论的一个基石。这种猫在美国被列为一种濒危物种。有两种不同的假设来解释猫种群的分布。第一种假设认为，迁移是一个主要因素；第二种假设认为，在猫活动范围的外围，它们以独立的小型群落而存在。布偶猫的发展起源布偶猫的原产地是美国，又称布拉多尔猫，是猫中体型和体重最大的一种猫。祖先为白色长毛猫，于1960年开始繁育，1965年在美国获得认可。布偶猫的确切来由可追搠到20世纪60年代，有位住在加州的妇女安贝可（Ann Baker）开始经营布偶猫种的培育。她的第一只育种猫叫做Josephine乔瑟芬（文后简称乔），它是只纯白的混种长毛猫。原本这只猫是只野生猫，经常在安贝可家附近跑来跑去。有一次它被车子撞了，刚巧被安贝可的邻居见到，就好心地救它回家，还细心地照顾它。渐渐地，乔的身体也复原了。就在这段期间内，乔都被养在室内，虽然它本来是只野猫，但是跟人一起相处时，它的脾气都很乖巧。就在它又生下一批小猫时，安贝可注意到了乔的小猫。以前乔所生的小猫，野性都很重。可是被车子撞过后，乔生下的这批小猫，个性变得特别的好。安贝可觉得这些小猫的个性很特别，所以她想来试验培育这种猫。安贝可把乔要回家后，到户外抓回了二只以前乔和不同公猫生下的小猫。而安贝可找来的种公叫做Warbucks，它有个白鼻，尾端也是白的。安贝可让它和其它母猫交配，结果生下的小猫，全都有像暹逻的重点花色。后来安帮他们注册为Ragdoll（中文名：布偶猫），并在媒体上宣扬放送，才开始引起猫界人士的注意。这位安贝可女士在1997年过世，她在猫界历史上，就留下这支布偶猫血系，渐渐流传开来。,布偶猫的FCI标准,布偶猫的性格特点布偶猫以其安静温柔的性格广受喜爱，不管是对于主人，还是对于陌生人，它们都非常友善，没有什么戒备心，只要你轻轻呼唤它们，它们就会跑到你身边撒个娇。如果你在忙没有时间陪它们玩耍，它们则会静静地待在一旁等你忙完。当然，如果你的工作会让你忙到无法照应到布偶猫，那么你最好不要选择饲养布偶猫，它们虽然能体谅主人的辛苦，但内心也很渴望有主人的陪伴，假如布偶猫长期处于被忽略的状态，很不利于它们的身心健康。而除了跟人类亲近外，布偶猫跟狗狗等家庭宠物也能维持良好的关系，因此主人可以放心让布偶猫与家中狗狗等动物相处。在大多数人的印象中，猫咪走的是高冷路线，它们总是与人类保持一定的距离，做着自己想做的事，但布偶猫偏偏不是这样，它们很粘人，只要主人在家，它们都会跟着主人走来走去。而且布偶猫是非常聪明的一种猫咪，它们在与主人相处的过程中会了解主人喜欢它们做什么、不喜欢它们做什么，它们便会按照主人的意思来向主人示爱。因为布偶猫喜欢安静，所以它们也不会像很多猫咪一样常在家中上蹿下跳。不过布偶猫喜欢安静不代表它们就真的能忍受一天不做任何事情、只是趴在那边，因此主人也要为它们准备一些玩具，这样即便你没有时间陪它们玩，它们也有玩具可以拿来消遣。只要你有时间，你可以多抱抱它们，因为布偶猫是完全不抗拒被人拥抱的。布偶猫跟大多数猫咪不同的另外一点是，它们很包容。我们常听说猫咪是记仇的动物，惩罚它们一次，它们这辈子都不会忘记。布偶猫则显得大度多了，即使有些事情不是发自内心想做，它们还是会听从主人的指挥。需要注意的是，由于布偶猫没有什么戒备心，所以它们只适合生活在室内，忌任何形式的散养。,布偶猫的生活习性布偶猫异常温柔，较适宜室内饲养。一般应为它们做绝育并提供适当的生活环境，例如配备猫抓板来适应它们的抓挠习惯等：这些是维持它们健康长寿和快乐的基本条件。布偶猫会舔洗和梳理一身中等长度的丝状毛发。如果要给它们梳理毛发的话可以抱着用钢针排梳梳理，使它们举止优雅。布偶猫善于讨好主人，总是形影不离地围着主人转，这种猫喜静，但也爱玩玩具，并喜欢参与家中的日常生活。布偶猫是一个晚熟的品种，它们的毛色至少要到2岁才会足够丰满，而体格和体重则要至少4岁才能发育完。刚出生的幼猫全身是白色的，一周后幼猫的脸部，耳朵，尾巴开始有颜色变化，直到2岁时被毛才稳定下来，直到3-4岁才完全长成。布偶猫是猫，是猫总会掉毛，只是布偶掉的不严重而已。宠物掉毛多是温度问题，如果全年温度控制在21~22左右，能有效缓解这个问题。,布偶猫的优点缺点布偶猫不适合在户外生活游戏，它们更适应在室内玩耍生活。它们非常乐意与家人生活在一起，乖巧的布偶猫会每天在门口迎接你的下班，然后跟着主人走来走去。它们乐意过这样悠闲自在的生活，也愿意与主人相伴。 布偶猫是需要主人怜惜爱护的一种宠物猫，如果家长是一个工作繁忙，没有更多闲暇时间的人，那么最好不要选择布偶猫来饲养。因为，长期的冷落和孤独，会是布偶猫丧失它天真甜蜜的个性，变得忧郁沉闷，甚至换上严重的抑郁症，这对家长和宠物猫都是非常不好的结果。,布偶猫的喂养方法1、布偶猫是适合在室内饲养的猫咪，所以家里的养猫设备最好齐全，例如猫抓板、猫爬架等，这样可以减少猫到处乱抓家具等其他物品的可能性。2、如果要布偶猫快乐，最好多花时间陪伴它们游戏，如果主人没有太多时间陪伴它的话还是养别的宠物好。3、布偶猫是中长毛猫的一种，所以日常的皮毛梳理是必不可少。因为布偶猫性格比较温顺，而且这个品种的猫掉毛相对较少，所以为它们梳理毛发是一项比较简单的工作，但是细致的照顾可以带来意想不到的美丽。4、布偶猫善交际，它不会像其他猫咪那样爱吃醋，所以在饲养布偶猫的同时可以饲养其他宠物，不过也要照顾照顾布偶猫的情绪，不然它会觉得这只新来的宠物夺走了主人对它的宠爱而对新来的宠物不友好。5、布偶猫喜欢和人亲密接触，它们愿意跟着你，会趴在你身上入眠等，所以猫主一定要有耐心陪着它们，让它们时刻在你身边，这样它才会感受到主人的关爱。,布偶猫的鉴别挑选1、评估你的猫猫的颜色。布偶猫猫有不同的颜色和花色类型。颜色有蓝色、巧克力色、奶油色、淡紫色、红色和海豹色。花式类型包括双色、手套、重点和Van(土耳其梵猫花式)。2、检查你的脚后跟。布偶猫非常粘人。它们会花很多时间和的家人相处。布偶已经证实它们喜爱跟随人从一房间到另一房间，包括浴室和卧室。3、看看它的脸。这些可爱的布偶有一个楔型的头，中等大小耳朵。它们拥有大大的椭圆型的蓝色水晶眼睛。4、看看能否用它来锻炼你的臂力。用手提这些可达20磅重布偶猫可以炼就你的臂力。母的布偶可能要轻很多，在10~15磅左右。5、手套花式的布偶是白色手套，具有白色的毛发在胸膛和背部。它们头上也有一个沙漏斗形白色斑块。重点色不会有白色的毛发。梵猫VAN花式一般在脸、耳朵、尾巴的顶部。在身上有一些黑色斑点。6、查查猫毛。布偶猫是中长毛。它通常身上大部分是中长毛，鬃毛部分会略为长一些和浓一些。前腿的毛发会比后腿的短一些。
加菲猫,2000-5000元,加菲猫,加菲猫,波斯猫,美国、欧洲,美国,中型,宠物猫,宠物猫,,0CM,0KG,0年,异国短毛猫是一个很完美的品种，经过了多年的品种改良，它依然保持着与波斯猫十分相像的性格。样貌酷似波斯猫的异国短毛猫，唯一与波斯猫不同之处就是其毛质是短而厚及呈毛绒状。浑圆的眼睛，大而圆的头部，两眼距离较阔，脖子短而粗，短短的鼻子，鼻节高且置于两眼中间，面颊饱满。宽阔及有力的颚骨，下巴结实。细圆的耳朵微微向前倾，两耳距离较阔。拥有大、圆而结实的爪，尾巴短但跟身体成比例。,,包括纯色、烟色、班纹、双色及重点色等等。,大而且圆、头盖骨宽。由圆形头骨塑造出的圆脸，短而粗的脖子。,大，圆，饱满，颜色鲜艳。由于泪腺较短，异短的眼睛比别的猫更容易流眼泪，需要主人每天清洗。,小，耳朵顶端圆并向前倾斜，双耳距离宽，位于头部偏低处，适合头部圆圆的感觉。,短而扁，并且长宽。双眼之中有凹陷，凹陷为脸部圆心。,短，但应和身体比例相称。不能有不正常的弯曲。,,,粗短而有力。前脚笔直，从后面看，后脚也是笔直的。,粗短而有力。前脚笔直，从后面看，后脚也是笔直的。,异国短毛猫（加菲猫）的品种介绍异国短毛猫，别名: 外来种短毛猫、异国短毛猫、短毛波斯猫，又名加菲猫，该猫的历史并不久，大约在1980年才在美国培育成功，并获得猫协会的认可。外来种猫由于经过很多人的反复繁育，毛色品种很多，几乎猫中所有的毛色都有。在外观上基本继承了波斯猫滑稽造型。除了毛短之外，其他体型、四肢、头脸眼均与波斯猫一样。异国短毛猫的被毛与美国短毛猫相似，不过却有着像波斯猫一样的矮脚马体形以及大圆脸和扁鼻子。异国短毛猫除拥有浓密被毛外，还保留了波斯猫独特的可爱表情与圆滚滚的体型。性格也如波斯猫般文静、亲切，能慰籍主人的心。体形为中型到大型的短脚型，头部宽而圆，鼻子有明显的凹陷，被毛有柔和的光泽。异国短毛猫（加菲猫）的物种分布1960年左右，美国的育种专家将美国短毛猫和波斯猫进行交配繁育，期待改进美国猫的皮毛颜色并增加其体重，这样就诞生了异国短毛猫。在1966年被CFA承认为新品种。在育种期间，它还和俄罗斯蓝猫及缅甸猫杂交。1987年以来，该品种的允许杂交品种被限定为波斯猫一种。FIFE在1986年承认了异国短毛猫。该品种在美国已经非常普遍，在欧洲也在逐渐风行起来。异国短毛猫（加菲猫）的发展起源异国短毛猫（加菲猫）是在六十年代的美国，以人工方式将波斯猫等长毛种的猫与美国短毛猫、缅甸猫等交配繁殖出来的品种。当初进行繁殖计划时，异国短毛猫的体形还很瘦弱，波斯猫的饲养者担心纯种波斯会被杂种化，有些繁殖者甚至强烈批评它“有损纯种猫”，因而在1968年禁止交配。当然，还是有人暗暗努力，最后发现用美国短毛猫配种，形体才渐渐成型。直到八十年代，异国短毛猫的品种正式确立，并获得猫协会的认可。外来种猫由于经过很多人的反复繁育，毛色品种很多，几乎猫中所有的毛色都有。在外观上基本继承了波斯猫滑稽造型。除了毛短之外，其它体型、四肢、头脸眼均与波斯猫一样。,异国短毛猫（加菲猫）FCI标准,异国短毛猫（加菲猫）性格特点异国短毛猫（加菲猫）性格可谓是所有猫咪中最好的，什么咬人抓伤不喜欢陌生人，通通与它无关。如果想象一只性格乖张的又可爱的猫咪，非异国短毛猫（加菲猫）不可了。它们的性情独立，不爱吵闹，喜欢注视主人却不会前去骚扰，大多数时间会自寻乐趣。另一方面，它们也拥有强烈的好奇心，活泼且聪明伶俐，不会神经过敏，马上就能适应新环境，因而很容易饲养。不过，因为异国短毛猫和波斯猫一样有个扁平的鼻子，所以容易有发炎的毛病，因此要经常为它清理脸部。只要每天梳洗干净，保持健康活泼，其寿命可达约十三岁。,异国短毛猫（加菲猫）的生活习性加菲猫学名异国短毛猫，绝对是友好、忠诚而甜美的性格天使。加菲猫的性情独立，并且拥有强烈的好奇心，活泼且聪明伶俐，不会神经过敏。不过，因为它和波斯猫一样有着扁平的鼻子，眼睛很容易脏，因此要经常为它清理脸部，为它滴宠物专用眼药水；只要每天梳洗干净，保持健康活泼，其寿命可达约十三岁。加菲猫总是温柔平和地生活在你的周围，它们喜欢玩耍，却又善于控制，会配合你的意愿逗弄你手中的玩具，和你玩闹；也会自己去找寻有趣的事情。它们就像是猫中的“爱因斯坦”，它们会研究一下它的毛老鼠是怎么从书柜上跳下来的，然后在你不能陪它玩的时候，自己把玩具拿下来。它们会用最乖巧的模样坐在你的面前，静静地看着你，然后跳上来，蜷缩在你的怀里。加菲猫拥有猫国中最甜美声音之称，与它们粗壮的身材不大相称的是它们嗲声嗲气的叫声，即便在发怒的时候，也是一身的奶气；当你被它的声音迷醉，乖乖将美味送到它的嘴边，看着它吃到满意地舔着嘴巴，然后走到阳光下继续晒它的太阳浴，你将会很轻易的忘掉所有烦恼，从此为它辛苦为它忙。,异国短毛猫（加菲猫）的优点/缺点优点：性格温和，长相甜美可爱，粘人，不拘小节及忠诚。缺点：因为眼睛和鼻腔离的比较近，所以会流眼泪，是正常的，不要以为它病了。每天你都要给它擦眼泪，不然时间久了会产生泪痕的，很难看的。,异国短毛猫（加菲猫）的喂养方法1、异短宝宝到家后，立即把它放入准备好的厕所中让它闻过气味；再把它带到食盆水盆前，最后把它放入猫窝休息。异短宝宝一般不会出现因为害怕钻入床下或者沙发下不愿出来的现象，它会在你的家庭中走来走去，东闻闻西嗅嗅，这是它在熟悉新环境呢。不要过多地干涉它的行动自由，让它尽可能的熟悉环境，对于尽快融入家庭很有帮助。2、异短宝宝三个月以后视力才会逐渐发育成熟，夜间请为三个月以下的小异短亮盏台灯或壁灯，以免它因无法找到厕所而在床上大小便。3、最好能向异短宝宝以前的主人索要它睡过的窝中的铺垫物，回来垫在新猫窝中，会大大减少它的不适应感，利于快速和它建立感情。4、问清楚它每日吃什么品牌的猫粮，一天吃几餐，份量多少等等。在最初到家的前一两天内，尽管你的异短宝贝适应力很强，但也会因为环境的变化情绪不够稳定，所以最好食用与原来相同的猫粮。如果你想给你的异短宝宝换食新猫粮，可以在1～2周内逐步完成这个变化，先在它原有的猫粮中掺上少量新猫粮，慢慢增加新猫粮的份量，逐渐让它适应你的食物配方，防止突然改变食物而引起的消化不良。,异国短毛猫（加菲猫）的鉴别挑选1、水滴眼，鼻眼一线。2、鼻子是越扁平越好，如果太突出就不纯了。
金渐层,2000-5000元,金渐层,金渐层,,,英国,中型,宠物猫,宠物猫,,0CM,0KG,0年,金色渐层猫底层绒毛为浅蜜黄色到亮杏黄色。背部、两肋、头部和尾巴的被毛的毛尖被充分地染成黑色，增强了外观呈现的金黄色。四肢和尾巴端部有毛尖染色阴影。面颊、耳簇、腹部和胸部是协调的淡色，色调上比底层绒毛还浅一些。由于毛尖染色较少，外观整体效果比阴影金黄色偏浅。眼睛边缘轮廓是黑色。鼻尖：粉红色。眼睛颜色：绿色或蓝绿色。,,,,绿色或蓝绿色。,,鼻尖为粉红色。,,,,,,金渐层的品种介绍渐层猫同蓝猫一样，只不过是英短系猫的颜色的叫法，并非是一个品种，包括现在我们常见的，银色渐层猫，银点渐层，金色渐层，黑金渐层，蓝金渐层，蓝点渐层，金点渐层。金色渐层猫底层绒毛为浅蜜黄色到亮杏黄色。背部、两肋、头部和尾巴的被毛的毛尖被充分地染成黑色，增强了外观呈现的金黄色。四肢和尾巴端部有毛尖染色阴影。面颊、耳簇、腹部和胸部是协调的淡色，色调上比底层绒毛还浅一些。由于毛尖染色较少，外观整体效果比阴影金黄色偏浅。眼睛边缘轮廓是黑色。鼻尖：粉红色。眼睛颜色：绿色或蓝绿色。金渐层的发展起源一般国内的金渐层的出现有两种方式，一种是在银渐层繁育过程中中了彩票了，会生出金渐层来，但是几率很低，而且客观说，两只银渐层出来的金渐层的品相相对不如金渐层和金渐层繁育出来的好。,,金渐层猫的性格特点大胆好奇，但非常温柔，适应能力也很强，不会因为环境的改变而改变，也不会乱发脾气、更不会乱吵乱叫，它只会尽量爬到比较高的地方，低着头瞪着那双圆圆的大眼睛面带微笑地俯视着你，就好像《爱丽丝梦游仙境》中提到的那只叫做“路易斯”的猫一样，不用语言，只用那可爱的面部表情就抓住了你的心，再也无法改变你对它的爱。,金渐层猫的生活习性大胆好奇，适应能力很强，非常温柔，不会乱发脾气，也不会乱吵乱叫。人们都很喜欢它安静的性格。,,金渐层猫的喂养方法金渐层的肠胃的消化功能相对来说比较的脆弱，特别是主人突然的更换食粮的时候，由于不能很快的适应就会出现呕吐腹泻的情况。因此，主人不要随意的更换猫咪的口粮，并且在更换的时候，不要一次性全部更换掉，也循序渐进逐步的进行更换，每次更换食物的一点，让它有一个适应的过程。喜欢和人亲近接触，也比较的喜欢运动。运动是生命中的比不可少的一项工作，运动可以强健猫咪的体魄，同时也防止猫咪出现肥胖的症状。因此，需要主人每天抽出半个小时左右的时间，陪同做运动，沟通交流，在锻炼猫咪身体的同时，也可以增进猫咪对主人和家人的感情。给金渐层猫咪喂食要注意，它的鼻子属于短鼻，猫粮碗一定不能太深，罐头最好用碟子来喂，每次猫吃完后要马上清理干净。每日2-3餐，坚持量少次数多。罐头每天喂一罐，干粮和罐头最好不要拌在一起。喂食要记得定时定点定量，水一定要每天更换。关于喂那种猫粮的话，我的建议是喂高档点的就行，推荐用皇家猫粮，这种猫粮对猫的消化系统还有口腔卫生都有很好的作用。相信你已经对它有所了解了吧，它们天生就继承了祖先们吃苦耐劳的优良品质，有着非常强的环境适应能力，而对生活的环境也没有过分的要求。虽然没有苛刻的生活质量要求，主人也需要给其准备一个舒适温暖的生活环境，让其能惬意的度过每一天的生活。这样无论对于你还是对于爱宠来说都将是一个很美好的事情!,金渐层猫的鉴别挑选颜色：首先肯定是看颜色，金渐层的猫它的底层绒毛为浅黄色到亮黄色，但它背部或者尾部被毛的毛尖部分是略有黑色，这样就给人看上去一种金黄色的效果。胸前和腹部还有脸部下方是浅色系列。但是有很多其他猫的颜色也类似，所以在选购的时候要特别注意，毛色只是一种重要的参考。眼睛：要选那种又大又元的圆，而且眼睛要在同一水平面线上，一高一低肯定是比较难看的。金渐层的眼睛呈现绿色和蓝绿色，也有黄绿色，眼睛边缘的轮廓是呈黑色，不像金点渐层的猫，它的颜色是天蓝色。但是比如是蓝金渐层的猫它的眼睛和金渐层是类似的，所以选购的时候也要特别注意。嘴巴和其他五官：嘴要选择那种宽阔但是不能太大，不要选那种太瘦弱的下巴，这种比较难看，鼻子要有一定的斜度，而且也要宽些，耳朵不能太大也不能太小，但是耳朵的底下根部要宽厚，整个耳朵也要宽些。但是不能超过整体的头部轮廓。四肢和整体外观：要选择那种身体很厚实，腿部粗壮的，有些腿特别细的可能就是不纯，而且腿不能太长的，短小或者中等。整个身体要大，看上去很粗壮很有力的那种，四肢比例协调，看上去要很精神。价位：渐层猫还是要看品质的。品质很好的价格都是上万或者几十万都有可能，如果你买到的渐层猫价格偏低，那估计是非常不纯的那种，要知道一分价格一分货，纯种猫别想以低价能够买到，而且也要分清楚，对方是否乱喊价，不要因为你是不专业的而用不纯正的乱喊价，所以一定要各方面考量。
英短蓝猫,2200-6000元,英短蓝猫,蓝猫,,,英国,中型,宠物猫,宠物猫,,0CM,0KG,0年,英国短毛猫是传统英国本地猫纯种版本，具有鲜明的矮胖的身体，密集的外衣和广阔的脸。早期中国人称之为英短蓝猫，学名应该称为英国短毛猫蓝色。最熟悉的彩色变种是“英国蓝”，一个坚实的蓝灰色的外衣和铜颜色的眼睛，但该品种也已在范围广泛的其他颜色和图案。最具有的特征是此猫有五短，即：毛短、身材短、尾巴短、四肢短、耳朵短。,,蓝猫的毛色系为B色（棕褐色）有可能追溯到公元一世纪，使它成为世界上最古老的识别猫的品种之一的起源。,浑圆而且厚重结实。圆圆的脸和头骨配着粗短的脖子。前额应该是圆的，头顶略平。前额不应有斜面。,圆而大，睁得很大，两眼位置宽而平。,耳位很重要，中等尺寸，耳根宽，耳尖圆。两耳位置较远，恰入其分(不偏不倚)的融合在脑袋的圆形轮廓当中。,中等长度，较宽。从侧面看，有一点轻微的下凹。,中等长度并与身体成比例，尾根粗些，尾尖稍细呈圆形。,,,短到中等长度，骨格发育良好并且强壮结实。与身体成比例，前腿笔直。,短到中等长度，骨格发育良好并且强壮结实。与身体成比例，前腿笔直。,英短蓝猫的品种介绍英国短毛蓝猫据认为，入侵的罗马人最初所带来的埃及家猫大不列颠与当地的欧洲野猫混血。千百年来，他们天然分离的后代发展成为鲜明的健壮的猫。有短，但很厚的皮毛，能更好地抵御对他们的本土岛屿的条件。基于艺术家的陈述，现代英国短毛猫是初始类型，基本不变。这是已知的最古老的猫的品种之一，大概从公元一世纪进口到英国的罗马人入侵埃及的家猫起源。在近代它仍然在其祖国最流行的纯种的品种，如猫花式的英国理事会（GCCF）注册。该品种的温厚的外观和相对平静的气质使之成为经常媒体明星，特别是为灵感来自爱丽丝梦游仙境柴郡猫的坦尼尔的著名例证。在更现代的时代，一个蓝色的英国短毛猫是原始的主题为“我能一直Cheezburger？”形象，记入与普及lolcat现象。英短蓝猫的物种分布英短蓝猫的发展起源,英短蓝猫的FCI标准,英短蓝猫的性格特点英国短毛猫大胆好奇，但非常温柔，适应能力也很强，不会因为环境的改变而改变，也不会乱发脾气、更不会乱吵乱叫，它只会尽量爬到比较高的地方，低着头瞪着那双圆圆的大眼睛面带微笑地俯视着你，就好像《爱丽丝梦游仙境》中提到的那只叫做“路易斯”的猫一样，不用语言，只用那可爱的面部表情就抓住了你的心，再也无法改变你对它的爱。英国短毛猫一直以来都以好奇心旺盛而著称，它会仔细地查看加重的每一个角落。虽然英国短毛猫大胆好奇，但非常温柔，适应能力也很强，不会因为环境的改变而改变，也不会乱发脾气、更不会乱吵乱叫，它只会尽量爬到比较高的地方，低着头瞪着那双圆圆的大眼睛面带微笑地俯视着你。由于它们性格随和而且聪明，所以常被驯养来拍摄好莱坞电影和商业电视。,英短蓝猫的生活习性给英国短毛一个舒适的空间很重要，磨抓板建议多买几个，在猫猫平时睡觉的地方也要放一个，猫起床后都有磨抓的习惯。而且也要给喵喵多一点它能藏的地方。每天花点时间陪自己家猫玩一下能增进感情。一只英国短毛猫的护理会让你觉得简单的惊人，因为这些小家伙天生丽质，短短的被毛从不会打结，你只要每天用梳子给它全身梳理一下就足够了，如果它处在脱毛期，主人可以适量多梳理几次。对于英国短毛猫，清洗要远远比梳理重要得多，因为它们的被毛密实又柔软，灰尘很容易呆在那里。虽然猫咪们会经常用它那带刺的小舌头梳理被毛，但是并不能彻底除去底层的灰尘，所以每个月给它洗澡1~2次，可以帮助他很好地清理污垢，毛毛清洁了，猫咪自然开心。在这里，还是要提醒主人注意毛球的事情，猫咪有用舌头自我清洁的习惯，但同时也会吃下很多毛毛，所以，定期喂它吃一点吐毛球膏，可以及时清理肠道内的毛球，也帮助它们护理肠胃。猫爪是猫捕鼠、攀登和自卫的工具。如果主人养猫是为了捕鼠，当然不能修剪脚爪。如果主人养猫是作为伴侣动物的话，就应经常给猫修剪脚爪，以避免抓伤人，抓坏衣服、家俱、地板等。修剪脚爪应从小开始，1月左右1次。将英国短毛猫抱在怀里，用左手抓住猫的1只脚，用姆指、食指、中指稍稍挤压，就可使脚爪伸出。再用右手持指甲刀，将脚爪前端的透明部分小心地剪除，再用指甲刀上的小锉将脚爪磨光。修剪时，不要剪得太过分，以免伤着英国短毛猫的脚。再依次将其它的脚爪剪去、磨光。,英短蓝猫的优点/缺点英国短毛蓝猫优点是一种有比较强的好奇心，在英国短毛蓝猫被带到一个陌生的地方的时候，它们总是会先到处走走看看，熟悉一下周围的环境。英国短毛蓝猫他们总是能保持一个好奇心，对一些陌生的东西和陌生的环境，总是能在第一时间熟悉了解。英国短毛蓝猫由于比较强的好奇心，因此英国短毛蓝猫得适应能力非常的强优点，到了陌生的地方以后，英国短毛蓝猫他们总是能最先的了解周围的环境，然后快速的适应周围的环境。英国短毛蓝猫的缺点是一年四季都会掉毛，虽然英国短毛蓝猫的毛非常的短，但是英国短毛蓝猫都会掉毛，而且在春季和秋季在两个季节，英国短毛蓝猫掉毛掉的更是厉害。,英短蓝猫的喂养方法给英国短毛猫喂食要注意，英国短毛的鼻子属于短鼻，猫粮碗一定不能太深，罐头最好用碟子来喂，每次猫吃完后要马上清理干净。每日2-3餐，坚持量少次数多。罐头每天喂一罐，干粮和罐头最好不要拌在一起。喂食要记得定时定点定量，水一定要每天更换。关于喂那种猫粮的话，我的建议是喂高档点的就行，推荐用皇家猫粮，这种猫粮对猫的消化系统还有口腔卫生都有很好的作用。,英短蓝猫的鉴别挑选1、外型：由中型至大型。其骨架及肌肉很发达，短而肥的颈与及阔而平的肩膊相配合。头部圆而阔，最大的特徵是支耳的距离很接近。2、毛质：短而密的绒毛，富有弹性，可将全身紧密地包。3、毛种：短毛种。4、眼睛：圆而大，颜色以毛色为准。5、目色：依体毛而有不同。
英短蓝白,2500-6000元,英短蓝白,蓝白,,,英国,中型,宠物猫,宠物猫,,0CM,0KG,0年,英国短毛猫，体形圆胖，四肢粗短发达，毛短而密，头大脸圆，温柔平静，对人友善，极易饲养。大而圆的眼睛根据被毛不同而呈现各种颜色。作为一个古老的猫品种，其历史可追溯至古罗马时期的家猫，由于拥有悠久的育种历史，可以称得上是猫家族中的典范。英国短毛猫除了拥有固定而聚，代表性的遗传特征之外，又具有丰富的变异性，如背毛色眼睛颜色等。更重要的是，有了广泛的配种历史后，这种猫拥有了更健康的身体和更温驯的性格。,,蓝色和白色要分布均衡，特别是在猫的头部。,头部为圆形,圆而大，睁得很大，两眼位置宽而平。,耳朵为中等大小,鼻子宽度适中,尾巴的长度大约是身长的三分之二,胸部饱满宽阔,颈子粗又短,腿部粗壮，长度为短到中等,腿部粗壮，长度为短到中等,英短蓝白猫的品种介绍英国短毛猫有悠久的历史，但直到20世纪初才引起人们的宠爱。该猫体形圆胖，外型由中型至大型。其骨架及肌肉很发达，短而肥的颈与及阔而平的肩膊相配合。头部圆而阔，体粗短发达，被毛短而密，头大脸圆，大而圆的眼睛根据被毛不同而呈现各种颜色。最大的特征是支耳的距离很接近身。该猫温柔平静，对人友善，很容易饲养。英短蓝白猫的发展起源英国短毛猫的祖先们可以说是“战功赫赫”，早在2000多年前的古罗马帝国时期，它们就曾跟随凯撒大帝到处征战。在战争中，它们靠着超强的捕鼠能力，保护罗马大军的粮草不被老鼠偷吃，充分保障了军需后方的稳定。从此，这些猫在人们心中得到了很高的地位。就在那个时候，它们被带到了英国境内，靠着极强的适应能力，逐渐演变成为英国的土著猫。它不仅被公认为捕鼠高手，那英俊外形也被更多人所喜爱。到了19世纪的末期，英国的育种专家们在这些土著猫中选出最美丽的猫咪，开始了漫长的培育工作，最终这个被称为英国短毛猫的品种诞生了。1871年，英国短毛猫参加了伦敦的水晶宫博览会，起品种也从此开始被命名。1901年，英国猫俱乐部成立了，那时的英国短毛猫还是体型大而结实的蓝色毛种，很像法国的卡尔特猫，后来由于它们的后代越来越像，甚至不分彼此。所以FIFE(英国最大爱猫协会)决定将这两个品种合二为一。第二次世界大战之后，更多毛色的英国短毛猫也陆续被各国的猫会所承认，它们走进了千家万户，成为人们生活中的伴侣。,英短蓝白猫的FCI标准,英短蓝白猫的性格特点大胆好奇，但非常温柔，适应能力也很强，不会因为环境的改变而改变，也不会乱发脾气、更不会乱吵乱叫，它只会尽量爬到比较高的地方，低着头瞪着那双圆圆的大眼睛面带微笑地俯视着你，就好像《爱丽丝梦游仙境》中提到的那只叫做“路易斯”的猫一样，不用语言，只用那可爱的面部表情就抓住了你的心，再也无法改变你对它的爱。,英短蓝白猫的生活习性适应力其适应能力很强，不会因为环境的改变而改变。所以，如果你买到了这只猫，不用担心它会因为环境的改变而让你头疼。性格英国短毛猫大胆好奇，但非常温柔，不会乱发脾气、更不会乱吵乱叫。运动英国短毛猫喜欢亲近主人，喜欢乖乖地趴在你的膝盖上睡觉。然而猫咪长期不做运动易会发胖，而体型过胖的猫咪，身体状况也会出现问题。所以，你每天至少要陪它做游戏半个小时左右。掉毛英国短毛猫的被毛像绒布一般柔软、厚实，很少脱落，容易打理。不过，猫一年四季都会脱毛，尤其是春、秋两季的换毛季节。猫自己梳理会将毛吞入胃内，久而久之在胃内形成毛球，如不能通过呕吐吐出，又不能及时通过肠道排出，滞留胃内，就会形成毛球堵塞，影响食欲，甚至危及生命。所以，如果其处在脱毛期，主人每天可以适量为其多梳理几次毛或让其食用化毛膏。,英短蓝白猫的优点/缺点,英短蓝白猫的喂养方法英短蓝白猫和英国短毛猫一样，给它喂食要注意，英国短毛猫的鼻子属于短鼻，猫粮碗一定不能太深，罐头最好用碟子来喂，每次猫吃完后要马上清理干净。每日2-3餐，坚持量少次数多。罐头每天喂一罐，干粮和罐头最好不要拌在一起。喂食要记得定时定点定量，水一定要每天更换。关于喂那种猫粮的话，我的建议是喂高档点的就行，推荐用皇家猫粮，这种猫粮对猫的消化系统还有口腔卫生都有很好的作用。猫粮保存：保存好自己的猫粮很重要，猫粮不能长期与空气接触，干粮平时要保存在密封盒里面，网上有专门储存猫粮的密封盒买，这个一定需要。猫吃剩下的罐头也需要保存好，用宠物罐头盖先盖好，然后封在密封盒里再放冰箱。再次喂食的时候一定要加热，一个罐头开罐后就算放冰箱最多也只能存两天。营养品:平时也要给自己的英国短毛一些营养补给，最主要的就是吐毛膏。我还会常喂一些护理毛发和清洁口腔的零食，每个月还要喂几次维他命膏。新鲜食品：强烈建议给英国短毛喂新鲜的猫粮的罐头，营养价值比普通的要高得多，保存要更加注意，罐头开罐后一天必须吃完，猫粮要在7天内吃完。,英短蓝白猫的鉴别挑选1、蓝色和白色要分布均衡，特别是在猫的头部;两种颜色色泽要清晰明快，如果有混色就不好了。在猫的口鼻，要成正八字分布颜色才更加好看。好的品相大概就是五粉通脖，正开脸，毛量大。2、耳朵大小适中，耳朵不要尖，两耳间距要宽，两耳之间的头部弧形要平，不要太有弧度。眼睛要圆，四肢和尾巴要粗，从上面看几乎没有脖子，口套要厚，脸颊要圆。蓝白英短的花色，是不是正八字脸貌似不太影响评级，还是看主人个人喜好。也有人很喜欢小花脸的。
英国短毛猫,2500-6000元,英国短毛猫,异国短尾猫,,,英国,中型,宠物猫,宠物猫,,0CM,0KG,0年,英国短毛猫，体形圆胖，四肢粗短发达，毛短而密，头大脸圆，温柔平静，对人友善，极易饲养。大而圆的眼睛根据被毛不同而呈现各种颜色。作为一个古老的猫品种，其历史可追溯至古罗马时期的家猫，由于拥有悠久的育种历史，可以称得上是猫家族中的典范。英国短毛猫除了拥有固定而聚，代表性的遗传特征之外，又具有丰富的变异性，如背毛色眼睛颜色等。更重要的是，有了广泛的配种历史后，这种猫拥有了更健康的身体和更温驯的性格。,,蓝色、白色、黑色、奶油色。,浑圆而且厚重结实。圆圆的脸和头骨配着粗短的脖子。前额应该是圆的，头顶略平。前额不应有斜面。,大、圆、睁得很大。两眼位置宽而平。,耳位很重要。中等尺寸，耳根宽，耳尖圆。两耳位置较远，恰入其分(不偏不倚)的融合在脑袋的圆形轮廓当中。,中等长度，较宽。从侧面看，有一点轻微的下凹。,中等长度并与身体成比例，尾根粗些，尾尖稍细呈圆形。,,,短到中等长度，骨格发育良好并且强壮结实。与身体成比例，前腿笔直。,短到中等长度，骨格发育良好并且强壮结实。与身体成比例，前腿笔直。,英国短毛猫的品种介绍英国短毛猫有悠久的历史，但直到20世纪初才引起人们的宠爱。该猫体形圆胖，外型由中型至大型。其骨架及肌肉很发达，短而肥的颈与及阔而平的肩膊相配合。头部圆而阔，体粗短发达，被毛短而密，头大脸圆，大而圆的眼睛根据被毛不同而呈现各种颜色。最大的特征是支耳的距离很接近身。该猫温柔平静，对人友善，很容易饲养。英国短毛猫的发展起源英国短毛猫的祖先们可以说是“战功赫赫”，早在2000多年前的古罗马帝国时期，它们就曾跟随凯撒大帝到处征战。在战争中，它们靠着超强的捕鼠能力，保护罗马大军的粮草不被老鼠偷吃，充分保障了军需后方的稳定。从此，这些猫在人们心中得到了很高的地位。就在那个时候，它们被带到了英国境内，靠着极强的适应能力，逐渐演变成为英国的土著猫。它不仅被公认为捕鼠高手，那英俊外形也被更多人所喜爱。到了19世纪的末期，英国的育种专家们在这些土著猫中选出最美丽的猫咪，开始了漫长的培育工作，最终这个被称为英国短毛猫的品种诞生了。1871年，英国短毛猫参加了伦敦的水晶宫博览会，起品种也从此开始被命名。1901年，英国猫俱乐部成立了，那时的英国短毛猫还是体型大而结实的蓝色毛种，很像法国的卡尔特猫，后来由于它们的后代越来越像，甚至不分彼此。所以FIFE(英国最大爱猫协会)决定将这两个品种合二为一。第二次世界大战之后，更多毛色的英国短毛猫也陆续被各国的猫会所承认，它们走进了千家万户，成为人们生活中的伴侣。,英国短毛猫的FCI标准,英国短毛猫的性格特点英国短毛猫大胆好奇，但非常温柔，适应能力也很强，不会因为环境的改变而改变，也不会乱发脾气、更不会乱吵乱叫，它只会尽量爬到比较高的地方，低着头瞪着那双圆圆的大眼睛面带微笑地俯视着你，就好像《爱丽丝梦游仙境》中提到的那只叫做“路易斯”的猫一样，不用语言，只用那可爱的面部表情就抓住了你的心，再也无法改变你对它的爱。,英国短毛猫的生活习性适应力其适应能力很强，不会因为环境的改变而改变。所以，如果你买到了这只猫，不用担心它会因为环境的改变而让你头疼。性格英国短毛猫大胆好奇，但非常温柔，不会乱发脾气、更不会乱吵乱叫。运动英国短毛猫喜欢亲近主人，喜欢乖乖地趴在你的膝盖上睡觉。然而猫咪长期不做运动易会发胖，而体型过胖的猫咪，身体状况也会出现问题。所以，你每天至少要陪它做游戏半个小时左右。掉毛英国短毛猫的被毛像绒布一般柔软、厚实，很少脱落，容易打理。不过，猫一年四季都会脱毛，尤其是春、秋两季的换毛季节。猫自己梳理会将毛吞入胃内，久而久之在胃内形成毛球，如不能通过呕吐吐出，又不能及时通过肠道排出，滞留胃内，就会形成毛球堵塞，影响食欲，甚至危及生命。所以，如果其处在脱毛期，主人每天可以适量为其多梳理几次毛或让其食用化毛膏。,英国短毛猫的优点/缺点,英国短毛猫的喂养方法给英国短毛喂食要注意，英国短毛的鼻子属于短鼻，猫粮碗一定不能太深，罐头最好用碟子来喂，每次猫吃完后要马上清理干净。每日2-3餐，坚持量少次数多。罐头每天喂一罐，干粮和罐头最好不要拌在一起。喂食要记得定时定点定量，水一定要每天更换。关于喂那种猫粮的话，我的建议是喂高档点的就行，推荐用皇家猫粮，这种猫粮对猫的消化系统还有口腔卫生都有很好的作用。猫粮保存：保存好自己的猫粮很重要，猫粮不能长期与空气接触，干粮平时要保存在密封盒里面，网上有专门储存猫粮的密封盒买，这个一定需要。猫吃剩下的罐头也需要保存好，用宠物罐头盖先盖好，然后封在密封盒里再放冰箱。再次喂食的时候一定要加热，一个罐头开罐后就算放冰箱最多也只能存两天。营养品:平时也要给自己的英国短毛一些营养补给，最主要的就是吐毛膏。我还会常喂一些护理毛发和清洁口腔的零食，每个月还要喂几次维他命膏。新鲜食品：强烈建议给英国短毛喂新鲜的猫粮的罐头，营养价值比普通的要高得多，保存要更加注意，罐头开罐后一天必须吃完，猫粮要在7天内吃完。,英国短毛猫的鉴别挑选英国短毛猫身体健硕，肌肉发达，四肢短而匀称，脚爪大而圆。头部圆而宽，比短而直，下巴发育良好，眼睛大而圆，耳朵大小适中，尖成圆弧形。被毛短而稠密，今天皮肤富有弹性，雌性整体较雄性纤细，成熟期较慢。欧洲的短毛猫与英国的短毛猫完全一致，不列颠蓝猫是最受欢迎的英国短毛猫，因为漂亮的蓝灰色被毛和古铜色或橙色明亮的眼睛特别抢眼。头圆耳大，脖子短而厚实，前额部应该倾斜，鼻子宽广，外形有一个柔和的垂度。耳朵集合很重要，眼睛大而圆，很好打开，腿短，前肢是平直的，爪子圆而牢固。不合格的短毛猫会出现异常的眼睛颜色，尾巴有瑕疵，被毛过长或蓬松，脚趾数目不正确，粗略的齿列或咬合不良。杂交造成的颜色有巧克力色淡紫色。
美国短毛猫,2500-5000元,美国短毛猫,美短,欧洲猫/美洲土种猫,"美国,日本等",美国,中型,伴侣,伴侣,,30-46CM,4.0-7.5KG,15年,美国短毛猫身强体壮，身体从中型到大型都有，脑袋呈长方形，脖子粗壮，胸部浑回。脊背平直，四肢发达，擅长跳跃。它的被毛柔软，厚实，但很短；其皮可以防寒、防雨，并防外伤，仿佛是一种短而厚的稠密外套。毛色有白、黑、斑纹等30余种。其中最受欢迎的，尤其是东方，是一种在银白色的体毛间嵌有鲜黑色条纹的银白虎纹猫。,,毛色超过一百种，而CFA承认可的颜色共62种，其中包括白色、黑色、蓝色、红色、棕虎斑、银虎斑、红虎斑、蓝虎斑、虎斑补丁、双色、玳瑁色等。,头大，脸双颊饱满，给人一种椭圆形的印象，脸的长度比宽度略长。表情甜美、开放。从前面看，头可以分为两个相等的部分——从耳根到两眼中间，从两眼中间到下巴尖。,大并且睁的很开，上眼睑象半个纵向切开的杏仁，下眼睑的形状为圆形。两眼间至少有一个眼睛的宽度。外眼角位置稍微比内眼角高。眼神明亮、清晰、警觉。,中等尺寸，耳尖细圆，在头顶自然分开。两耳间的距离两倍于两眼间的距离。,中等长度，长宽相等。从侧面看，鼻梁到额头有一个柔和的曲线相连。,中等长度，根部粗壮，尾尖看起来是突然变细的，但是尾椎骨尖部却是正常变细。,,,骨格和长度适中，肌肉发达，从后面看，四条腿很直并和爪面外沿成平行。,骨格和长度适中，肌肉发达，从后面看，四条腿很直并和爪面外沿成平行。,美国短毛猫的品种介绍美国短毛猫的祖先原本生活在欧洲，后来跟随早期的开拓者进入北美洲。有纪录显示在“5月花号”上饲养了几只猫，它们的职责就是捕捉船上那些偷食物及传播病菌的老鼠。经过不断的繁殖，最终建立了土生的北美洲短毛猫。在二十世纪初，由于有一些外国的猫品种被介绍到美国，美国短毛猫的土生血统便开始被削弱，与长毛猫及暹罗猫交配后所得的小猫，有着多种不同长度的披毛，身形，颜色及性情。而那些钟情于土生美国短毛猫的人，他们唯有开始选择性地繁殖以保留美国短毛猫的特征，早期的繁殖者成功地获得完美的斑纹，颜色，亦保留了强壮的形态，美丽的面孔及可爱的性格。在美国短毛猫繁殖历史上，起初这个猫种被注册为“短毛猫”，后来又改为“短毛家猫”，直到1966年才以“美国短毛猫”名字出现。这个猫种也是CFA在初始做猫咪品种认证时，最先得到人证的五个品种之一。直到今天，美国短毛猫也一直是排名前十大受欢迎的猫种。美国短毛猫的物种分布美国短毛猫在欧洲较罕见，在日本、美国等国比较受欢迎。根据CFA（CatFancier'sAssociation美国爱猫者协会）2010年的统计资料，美国短毛猫在当年全美最受欢迎猫咪种类排行中位列第八位。美国短毛猫的发展起源关于美国短毛猫的起源有两种说法：一部分人认为该猫是美洲大陆土著猫，经长期选育而成；一部分人认为它是17世纪从欧洲随美国移民带来后，经改良而育成。1620年的秋天，一条本用来捕鱼的小船（“五月花”号）离开英国港口，驶向了大洋彼岸的美国。事实上，当他们离开港口时，许多老水手都怀疑这条只有27米长的木头帆船是否能顺利到达彼岸。船上一共有102人，一些必需品和十几只猫。终于经过了三个多月的海上艰难挣扎，他们来到了一个安静的港湾，那里有很多鱼虾，海岸不远就是一座小山，山间泉水叮咚。这一切的一切，就像是上帝为他们安排好的，“五月花”号上的人们不停地在胸口画着十字，感谢上帝对他们的恩赐。1621年11月的第4个星期四，他们举行一场盛大的庆祝会，庆祝他们的丰收，同时对上帝和帮助他们的人表示感谢。后来，这个庆祝会固定下来，每年举行，称为感恩节。从这以后，“五月花”号上的人们开始在这片土地上安居乐业，在这里开始新生活，以后就有了美国。而当初船上的那些猫是用来抓老鼠和保护船上的粮食的，这些猫随着“五月花”号来到新大陆后，就在北美一带生长。可以说它们见证了美国的发展，是美国的开国功臣之一。最终，经过多年不断的繁殖，终于确立了的北美洲短毛猫种。在二十世纪初，由于有一些外国的猫品种被介绍到美国，美国短毛猫的土生血统便开始被削弱，与长毛猫及暹罗猫交配后所得的小猫，有着多种不同长度的被毛，身形，颜色及性情。而那些钟情于土生美国短毛猫的人士，他们唯有开始选择性地繁殖以保留美国短毛猫的特征，早期的繁殖者成功地获得完美的斑纹，颜色，亦保留了强壮的形态，美丽的面孔及可爱的性格。美国CFA选择了这可爱的品种成为其首五个被确认的品种之一。早期被称为短毛家猫，但为了更有力代表这种AllAmericanCat，在1996年易名为美国短毛猫，代表这在北美洲土生的品种有别于一般在街上随处可见的短毛猫。而这个新的名字亦停止了人们对美国短毛猫及其它短毛猫的混淆。直至二十世纪，美国短毛猫在猫展中有着稳定的发挥，亦屡获殊荣，包括两只CFACatoftheYear及一只CFAKittenoftheYear。,美国短毛猫的FCI标准,美国短毛猫的性格特点美国短毛猫外貌憨厚可爱，性格也很乖巧，同人性、重感情。只要在平时饲养的时候对它温柔有爱，它会对饲养主人的一家都非常亲近，家里有小朋友的也不必担心，美国短毛猫对小朋友也是非常友好的。调皮的运动健将也许是继承了父辈们在货船上捕捉老鼠的技能，美国短毛猫的运动天分在它们刚刚出生的时候就显现出来了。这些没睁眼的小家伙们就会把它们妈妈的肚皮当做游乐场，你会发现它们就连吃奶的时候也喜欢不断变换位置来活动活动。因此，你很少看到幼年时期的美国短毛猫能安安静静的坐着。这些运动天赋会随着它们年龄的增长而稍稍收敛一些，但是，你永远无法要求一只美国短毛猫整天都坐着不动，因此，经常陪他们一起玩耍，是和它们培养感情最好的方式。当然，他们也非常懂事，从不会大声叫喊着要你放下手中的活计，有要求的时候，这些聪明的小家伙只会乖巧的坐在最爱的玩具旁边，睁大眼睛望着你。定制的全能猫咪对一个爱猫的人来说，美国短毛猫简直是全能的，它们有着猫猫身上一切优秀品质，它们时而娇憨、时而顽皮、时而安静独立、时而柔肠百转，这些极端聪明的小家伙，它们永远知道你想表达的意思，并且完全知道自己该怎么做。除此之外，它们超强的适应力能让他们平静的接受各种环境。和其他猫种甚至是狗都能玩到一起，和孩子们玩耍也是它们的最爱。它们利落的短毛，优雅的身形，运动员的素质和独立温和的个性，让饲养它们的人觉得轻松而愉快，因此，如果你也向往这样的生活美国短毛猫一定会帮助你实现，而不是成为你的麻烦。最省钱的猫美国短毛猫不但样子漂亮，身体也非常健壮，生来很少生病。正常的情况下，它的平均寿命可以达到15－20年，对于这样一个健壮的家伙，它每年只需要去一次宠物医院，做一个健康的例行检查就可以了。可以说是为主人省下了一大笔医疗费。正因为如此，这个健康的猫咪在“长寿”的猫品种中也占有一席之地。,美国短毛猫的生活习性美国短毛猫遗传了其祖先的健壮、勇敢和吃苦耐劳，性格温和，不会因为环境或心情的改变而改变。充满耐性、和蔼可亲，不会乱发脾气，不喜欢乱吵乱叫，适合有小孩子的家庭饲养。美国短毛猫抵抗力较强。美国短毛猫也是十分聪明的猫种，主人可以教会它们答应自己的名字和远离沙发等家具，懂得控制食量。居家的美国短毛猫喜欢躺在主人的腿上，享受主人的爱抚。它们很珍惜自己的玩具，尤其是主人不在的时候，它们会发明多种不同的玩法，使自己不感到孤单。美国短毛猫很乐于跟其他的动物相处，当中也包括鸟和狗。美国短毛猫有许多讨人喜欢的特点。它既强壮又灵活，性格随和，忠于主人；有重越的运动神经和智慧，有时很淘气有时又很规矩。它的适应能力很强，可以在任何家庭中生活能够灵活地迎合主人的心意，调整自身的习性来适应主人的习惯。捕鼠的技巧是第一流的，为不可多得的捕鼠好手。繁殖方式：胎生。属于哺乳动物。,美国短毛猫的优点/缺点,美国短毛猫的喂养方法1、喂食方法养成在一定的时间和地方，喂美国短毛猫吃东西的习惯是很重要的。而且要注意年纪小的猫需要多次进食和较多的食物，通常一天至少要喂食四次左右。已成年的猫只需要早、晚各喂一次就够了。2、喂食份量食粮份量应该依照美国短毛猫的年龄、体型大小、活动量以及性情来决定，你可以参考食物包装上的说明，或是请教兽医。为了增加食物的变化和保护宠物牙齿的健康，不妨将罐头和干饲料以及组合或者是轮流的方式来喂食。3、食量控制大约有百分之九十的猫懂得如何调节食量，以保持身体的的均衡和苗条，但你也不应该放纵的任由它乱吃。肥胖的美国短毛猫的确较容易产生健康问题，如果你想让爱猫拥有健康的身体和理想的体重，除了要控制食物的适量外，更需准备一些玩具让它玩耍和运动。幼猫消化能力弱，人的食物对它来说既诱惑又危险。动物肝脏、禽类骨头、巧克力、葱和洋葱，更是幼猫的健康杀手。4、饮水需要事实上水对于美国短毛猫的重要性和人是一样的，不仅仅是饮食必备要件，也是它们的基本营养，却容易被大多数的主人所忽略。虽然猫咪食粮里也含有水，但你仍应随时在爱猫的水碗里准备干净的饮水，尤其是在炎热的天气里。这样才能避免它去喝马桶里的水，或是到厨房、浴室到处找水喝。,美国短毛猫的鉴别挑选1、在选购美国短毛猫时，要注意检查美国短毛猫的体表是否健康，是否皮肤发红，脱毛的情况；同时还要检查猫咪的眼睛是否清澈明亮，耳朵内部是否有污垢，肛门是否干净。2、可以用手触摸猫咪的鼻子，看看是否清凉湿润并且有少许的粘液。3、同时，可以给美国短毛猫喂一些食物，以观察猫咪对周围食物的反应和饮食的情况，以此来判断猫咪是否身体健康。4、同样，在挑选美国短毛猫的时候，为了确保自己的利益和选购到纯种健康的美国短毛猫，选购者应该到正规的宠物商店购买，而不能在路边摊随意选购。整体来说美国短毛猫脾气温顺，性格活泼，而且对外界的事物充满的好奇和探索的欲望。从美国短毛猫的外型来看，美国短毛猫体格魁伟，骨骼粗壮，肌肉发达，是短毛猫类中大型品种。美国短毛猫有其祖先勇敢和吃苦耐劳的品格。它们性情温和，总是充满耐性，显得非常的和蔼可亲。美国短毛猫不会对家人乱发脾气，因此是家庭饲养宠物猫的首选品种。
苏格兰折耳猫,3000-6000元,苏格兰折耳猫,折耳猫,,,苏格兰,中型,宠物猫,宠物猫,,0CM,2.4-6KG,0年,苏格兰折耳猫是猫的一种在耳朵有基因突变的猫种。由于这猫种最初在苏格兰发现，所以以它的发现地和身体特征而命名。这种猫在软骨部份有一个折，使耳朵向前屈折，并指向头的前方。也正因如此，这种猫患有先天患有骨科疾病，时常用坐立的姿势来缓解痛苦。中等体型，圆浑浑的，骨骼中等，肌肉结实。雌性的体型较雄性的细小。四肢短，粗壮，肥胖，浑圆。体重2.5到6公斤。,,除了巧克力色、淡紫色、喜马拉雅猫毛色斑或上述各种毛色的组合之外都被承认。,呈圆形，前额凸鼓。脸颊浑圆。侧看像是缓和的曲线。公猫的肉更多，成年雄猫允许有双下巴。,眼睛大而圆，颜色以毛色为准，间距相当大。颜色和被毛相呼应。颈短而有肌肉感。,耳朵朝前折，间隔大，耳尖呈弧形。耳朵的大小中等，向前翻折，如同帽子，看上去令头部更加圆浑。,鼻子宽而短。微微有鼻中断是可以接受的。吻部微微呈圆形。髭毛垫呈圆形。下巴坚实。,不大于身长的2/3。基部粗大，向尾尖逐渐变细，最后尾尖收拢为圆形。非常柔软和灵活。,,脖子不太长，但肌肉结实，毛发比其它身体部份的较长。,,,"苏格兰折耳猫的品种介绍苏格兰折耳猫的外观可爱迷人，因此吸引了很多人的兴趣，但滑稽的是，当时它们在国外要比在家乡--英国的苏格兰更见，由于这个品种当时尚未得到猫迷管理委员会的承认，所以英国的培育者对其几乎不感兴趣。1973年这一品种在美国被接纳注册，1984年才为不列颠猫协会承认，比美国足足晚了11年。突然生出折耳小猫的SUSIE便是苏格兰折耳猫最早的起源。不过,这种下折的耳朵实在是少有的突变。正因为过去有生出畸形猫的事情发生，所以有一段时期在英国被禁止繁殖。经过了培育者不断进行慎重的异种交配，终于繁殖出健康的小猫，并且曾在1978年荣获CFA（美国爱猫者协会）冠军。苏格兰折耳猫刚出生的时候耳朵并不是折着的。大约三到四周大的时候，它们的耳朵才开始下折……或者就干脆不下折！直到小猫11周到12周大的时候，繁育者才能大致判断出它们的品相（宠物级，繁育级还是赛级）。目前，只有耳朵折下来的折耳猫才能参加比赛，当然，每个繁育者都希望繁育出能参加比赛的猫。但是立耳的折耳猫在繁育过程中的价值却是无价的。苏格兰折耳猫的发展起源据说在1961年，苏格兰一户牧羊人家里的一只母猫产下了一窝小猫，其中有一只奇怪的小猫，它有着白色的被毛、紧扣着的耳朵和像猫头鹰一样的脸，因为原产地靠近苏格兰的库泊安格斯，从此便根据出生地及耳朵下折的现象，命名这个品种为“苏格兰折耳猫”。最初的这只猫取名为SUSIE，它便是苏格兰折耳猫的始祖，后来SUSIE又生下了另一只白色折耳猫。这时，牧羊人的邻居，一位叫威廉·罗斯的牧羊人注意到SUSIE有着独一无二的耳朵。于是决定同他的妻子Mary一起，从这一只小猫着手试验，繁殖有折耳特征的新品种。",苏格兰折耳猫的FCI标准,苏格兰折耳猫的性格特点苏格兰折耳猫天生就有着糖果般甜美的性格。它们喜欢参与你所作的任何事情，但通常只是静静地，不会发出声音来打扰你。它们的运动天赋虽然一般，但并不表示它们不喜欢玩，只是更青睐于有主人的陪伴。苏格兰折耳猫喜欢平躺着睡觉，在无所事事的时候，它们会像水獭一样坐在那里向窗外张望。也许是继承了祖先看仓库的特点，苏格兰折耳猫非常能吃苦耐劳。它的外表与其温柔的性格非常吻合，叫声很轻，也很少大声地讲话。它们乐意与人为伴，并用它们特有的这种宁静的方式来表达。苏格兰折耳猫能适应各种环境的家庭生活，无论家里有吵闹的孩子和狗，还是单身家庭，甚至在猫展上或陌生的旅店里都能很快地融入周边的环境，而不会感到不安。,苏格兰折耳猫的生活习性环境的适应：苏格兰折耳猫由于继承了远祖刻苦耐劳的性格，所以它们的适应能力比较强，对于陌生环境能够泰然处之。但是，饲养一只健康的折耳猫，也要留意天气，湿度最好维持在50－60%，否则会很容易患上皮肤病。饮食：同大多数猫一样，它们的肠胃比较弱，喂养时所给的猫粮最好是固定品牌，如果需要为它们更换其它品牌的猫粮，一定要慢慢来，在转粮的过程中，还要特别留意它们的便便，因为，突然更换猫粮，很容易导致猫咪的腹泻。苏格兰折耳猫甜美的性格是天生的，它们就有着糖果般甜美的性格。它们喜欢参与你所作的任何事情，但通常只是静静地，但不会发出声音来打扰你。它们的运动天赋虽然一般，但并不表示它们不喜欢玩，只是更青睐于有主人的陪伴。苏格兰折耳猫喜欢平躺着睡觉。在无所事事的时候，它们会像水獭一样坐在那里向窗外张望，但这并不是因为他们慵懒的个性，而是患有先天性的骨骼遗传疾病，像水獭一样坐着仅仅是在缓解身体的疼痛。和一般猫咪一样，折耳猫也有用舌头自我清洁的习惯，定期喂食吐毛膏，可以帮助它清理肠胃中不能消化的毛球，以减少出现肠胃不适的可能。,苏格兰折耳猫的优点/缺点,苏格兰折耳猫的喂养方法苏格兰折耳猫喂食首先，为猫咪准备的猫粮品牌应该固定，不要随意的更换。如果一定要更换其它的猫粮，也要选择一款合适的，然后循序渐进的更换，在7-10天左右更换完毕即可。给妈咪选择猫粮需要根据实际情况来决定，如果猫咪比较肥胖则可以选择健康的减肥猫粮。现在市面上的专业猫粮品牌众多，家长们可以根据猫咪的口味来选择一款合适的猫粮。在猫咪1-4月龄之间，千万不要喂食牛奶和过硬的食物。家长可以选择专业的幼猫粮，用温水浸泡柔软之后在喂食。也可以准备一些，用白水煮熟的鸡肉和牛肉在搭配专业的幼猫猫粮进行喂食，均衡猫咪摄入的营养，也避免给猫咪的肠胃造成负担。苏格兰折耳猫养护从外选购回来的苏格兰折耳猫最好要在3个月龄以上，并且注射过疫苗。这样的猫咪回家饲养才会更健康不会有健康隐患。折耳猫最大特征就是一双折叠的耳朵，在饲养过程中为了保证猫咪的身体干净，饲养者还要每周定期的它用猫咪专用滴耳液清洗耳朵，不然很容易堆积赃物，患耳螨疾病。和一般猫咪一样，折耳猫也有用舌头自我清洁的习惯，定期喂食吐毛膏，可以帮助它清理肠胃中不能消化的毛球，以减少出现肠胃不适的可能。同时，无论是长毛还是短毛，折耳猫的被毛都是非常厚的，所以最好每天都替它们梳理，这样可以保持被毛亮丽并且去除死毛。,苏格兰折耳猫的鉴别挑选1、苏格兰折耳猫的耳朵一定要下垂，这点是挑选折耳猫的关键。2、苏格兰折耳猫脸部的轮廓圆润，眼睛清澈而明亮，眼睛大而圆，鼻梁中等长度感觉宽阔，咬合有力。3、苏格兰折耳猫颈部长短合适，肌肉结实紧凑，体型骨量中等，肌肉结实，四肢有力稳健。4、苏格兰折耳猫的眼角、耳朵、嘴角没有堆积的异物，身躯的皮毛光滑柔顺光泽。整个身体看上去干净，没有寄生虫繁殖的迹象。5、苏格兰折耳猫行走时四肢稳健，身躯平衡，没有骨折，行走扭动的异常情况。
银渐层,2000-5000元,银渐层,银渐层,猫,各地,英国,中型,宠物猫,宠物猫,,25-35CM,4-8KG,12年,英短银渐层猫有着较胖的体形，四肢较粗，被毛短密，脸圆头大，眼睛既大又圆，由于被毛不同而呈现出各种的颜色。英短银渐层猫的性格猫温柔平静，对人友善，很容易饲养。,,黑色占比在8分之一和32分之一之间，背部黑毛明显，胸部毛色为浅，毛色发亮，短毛，无长毛夹杂,,眼睛大而圆，有明显黑色眼线,,鼻头粉色，鼻头周围有黑色鼻线条,,,,,,银渐层的品种介绍首先说银渐层，本身是指一种毛色，也叫银色阴影色，底毛是白色，毛尖上色，对比鲜明，充满立体感的生动，均匀得是大自然的一张素描，在阳光下，雪地里，都会给人营造一种误入凡尘的感觉。事实上也不止一位繁育人，很多海外科普贴，甚至海外猫舍，都会将银渐层跟童话联系到一起。那既然银渐层是一种毛色，是不是除了英短，还有其他品种有银渐层色呢，答案是肯定的。比如，苏格兰折耳，比如美国短毛猫，实际上也是有银渐层色的。由于国内口口相传的情况和无意识的淡化苏折立和英短的区别，很多人口中的银渐层指的多数是英短银渐层。但是，楼主在说一遍，事实上渐层只是一种毛色。波斯也有一种渐层色的猫，早年大家用金吉拉代指渐层色波斯。而现在很多人又试图用金吉拉形容长毛渐层，实际上金吉拉也是一种颜色描述，比如银渐层中的12色号也被称为金吉拉壳色。银渐层的发展起源在2004年前后，俄罗斯金融危机，于是俄罗斯以很低的价格大量向中国出口各种商品，其中也包括宠物，当时有一只被毛颜色奇怪的猫随着商人来到了北京，那个时候最火的猫是美国短毛猫和暹罗猫，而这个奇怪的猫无人问津。一天一个电话打到了叫张琦的年轻人那里，内容是“有一只猫挺有意思，你要不要来看看”。张琦过去了，眼前一亮，这只猫应该就是所谓的英短银渐层，于是张琦以几千元的价格买下了这只猫，并给它起名叫做“云豹”。很多年后，在中国诞生了“云系”这条血统。,,银渐层的性格特点大胆好奇，但非常温柔，适应能力也很强，不会因为环境的改变而改变，也不会乱发脾气、更不会乱吵乱叫，它只会尽量爬到比较高的地方，低着头瞪着那双圆圆的大眼睛面带微笑地俯视着你，就好像《爱丽丝梦游仙境》中提到的那只叫做“路易斯”的猫一样，不用语言，只用那可爱的面部表情就抓住了你的心，再也无法改变你对它的爱。,银渐层猫的生活习性英短银渐层大胆好奇，但非常温柔，适应能力也很强，也不会乱发脾气、更不会乱吵乱叫，它只会尽量爬到比较高的地方，低着头瞪着那双圆圆的大眼睛面带微笑地俯视着你。所以饲养英短银渐层做宠物的人自然也很多，人们也都喜欢它安静的性格，最适合陪伴了~,,银渐层猫的喂养方法猫咪喜欢脱毛，因此在喂养的过程中，要加强英它的毛发护理。还要定期的给猫咪喂食吐毛球膏，帮助猫咪清理肠胃的毛球，护理猫咪的肠胃。,银渐层的鉴别挑选银色渐层英国短毛猫是英国短毛猫的一份品种，混有金吉拉血统，十分可爱惹人喜欢。而我们在挑选银色渐层英短的时候，要注意什么呢？下面给大家提出一些注意点。1、背毛颜色从金吉拉毛色到烟色分四个档次，他们全部是毛尖黑色，您随便给猫梳一下毛发，挑选几根具有普遍性的毛发观察，如果1/8至1/6毛尖是黑色，其他均为白色。证明此宝宝毛色一流。如果达到1/2毛尖黑色，既为烟色。烟色看上去较脏，普遍不被喜欢。所以切忌用蓝色国短毛猫与银色渐层色英国短毛猫杂交，蓝色基因被银色基因覆盖，同时强化了毛尖色，后代均为烟色。2、小时候虎班或者豹点条纹问题渐层色是虎斑色的退化。当斑纹越来越不清晰最后完全退化均匀的时候，那就是银色渐层色了。由于银色渐层色英国短毛猫繁育历史不长，因此小宝宝出生后会有返祖现象出现。刚刚10天的宝宝你可以清晰的看到豹点或者标准斑，请新加入繁育队伍的猫迷们不要慌张，宝宝的基因记忆会清楚的告诉他们以后该怎样长大，只要您购买的宝宝有血统追踪且两代以上都是标准的银色渐层色英国短毛猫，一般他们都会在几个月时间内把自己的毛色完全退化成银色渐层色。从宝宝二个月开始退化即可显现，快的三个月就可退化成均匀的银色渐层色，慢的需要半年时间。3、那可爱的小脸蛋银色渐层色是混有金吉拉血统的英国短毛猫，金吉拉以其漂亮水汪汪的大眼睛著称。因此普遍的银色渐层色英国短毛猫的眼睛都比纯基因的蓝色英国短毛猫要大。只要不是看着吓人，眼睛越大品质越好。其次，耳位要开，只要不是畸形，耳位越开越给宝宝将来长出超级大脑袋留下广阔的空间。如果耳位很近，头型基本固定，宝宝大了是不会有很大头的哦。鼻子适当洼陷没有断痕就是被允许的。但是完全塌陷的鼻头不如略微骨溜的鼻头更具有美感。胡须垫要宽厚，宽阔的胡须垫撑起宝宝整个下巴的结构，头够不够圆胡须垫有很重要作用。4、身型银色渐层色英国短毛猫因为混有金吉拉的基因，因此身体健康程度远远不如纯蓝色的英国短毛猫。要知道，蓝色英国短毛猫的祖宗跟着凯撒征战了整个欧洲，而金吉拉一直是贵族的小宠。体质的相对柔弱和金吉拉血统的混合决定了银色渐层色英国短毛猫从小骨量不如蓝色的要大，肌肉层也不如蓝色英国短毛猫更丰满。所以在宝宝三个月大的时候你会感觉稍微偏瘦。一般来说，只要头骨结构出来，足够厚重的胸廓基本与脚同齐，那么在宝宝长大到1岁开始，他祖宗蓝色英国短毛猫的基因就会告诉他后积勃发，大头大腮自然出现。所以请给银色渐层色英国短毛猫时间长大，当他还是一个小孩子时也许您几乎无法看到他大种公的未来，然后忽然有一天他就帅帅的蹲在那里看着你了!5、眼睛CFA允许的银色渐层色英国短毛猫眼色有蓝绿、绿、黄绿。纯黄色的眼色是出格的。很多猫迷沉醉于潭水一样清澈而颜色正点的眼睛。所以作为一个繁育级宝宝有着漂亮的眼色是必须的。但是并不是每个出色的孩子从小到大都是纯正的蓝绿或者绿色，很多小时候是黄绿色的。一般来说眼色的变化可持续1甚至2年。通常小时候黄绿的眼睛到1岁甚至2岁会沉淀成标准的绿色。如果三个月时宝宝眼色完全黄的，那么它长大就是黄色眼睛，这样的宝宝只要其他品相还算优秀，作为宠物级宝宝陪伴在您身边，不做繁育其实与其他眼色的差距也不大。毕竟追求完美和极品是很难很少量的。
异国短毛猫,3000-8000元,异国短毛猫,短毛猫,,,美国,中型,宠物猫,宠物猫,,50-60CM,3.0-6.5KG,15年,异国短毛猫是一个很完美的品种，经过了多年的品种改良，它依然保持着与波斯猫十分相像的性格，唯一与波斯猫不同之处就是其毛质是短而厚及呈毛绒状，理想的异国短毛猫应是骨骼强壮，身材均称，线条柔软及圆润。浑圆的眼睛，大而圆的头部，两眼距离较阔，脖子短而粗，短短的鼻子，鼻节高且置于两眼中间，面颊饱满。宽阔及有力的颚骨，下巴结实。细圆的耳朵微微向前倾，两耳距离较阔。拥有大、圆而结实的爪，尾巴短但跟身体成比例。,,,头：大而且圆、头盖骨宽。由圆形头骨塑造出的圆脸，短而粗的脖子。,眼睛：大，圆，饱满，颜色鲜艳。由于泪腺较短，异短的眼睛比别的猫更容易流眼泪，需要主人每天清洗。,耳朵：小，耳朵顶端圆并向前倾斜，双耳距离宽，位于头部偏低处，适合头部圆圆的感觉。,鼻：短而扁，并且长宽。双眼之中有凹陷，凹陷为脸部圆心。,尾巴：短，但应和身体比例相称。不能有不正常的弯曲。,,,腿：粗短而有力。前脚笔直，从后面看，后脚也是笔直的。,腿：粗短而有力。前脚笔直，从后面看，后脚也是笔直的。,异国短毛猫的品种介绍1960年左右，美国的育种专家将美国短毛猫和波斯猫进行交配繁育，期待改进美国猫的皮毛颜色并增加其体重，这样就诞生了异国短毛猫。在1966年被CFA承认为新品种。在育种期间，它还和俄罗斯蓝猫及缅甸猫杂交。1987年以来，该品种的允许杂交品种被限定为波斯猫一种。FIFE在1986年承认了异国短毛猫。该品种在美国已经非常普遍，在欧洲也在逐渐风行起来。异国短毛猫除拥有浓密皮毛外，还保留了波斯猫独特的可爱表情与圆滚滚的体型。性格也如波斯猫般文静、亲切，能慰藉主人的心，体形为中型到大型的短脚型，头部宽而圆，鼻子有明显的凹陷，皮毛有柔和的光泽，性情独立，不爱吵闹。异国短毛猫的发展起源异国短毛猫是在六十年代的美国，以人工方式将波斯猫等长毛种的猫与美国短毛猫、缅甸猫等交配繁殖出来的品种。当初进行繁殖计划时，异国短毛猫的体形还很瘦弱，波斯猫的饲养者担心纯种波斯猫会被杂种化，有些繁殖者甚至强烈批评它“有损纯种猫”，因而在1968年禁止交配。当然，还是有人暗暗努力，最后发现用美国短毛猫配种，形体才渐渐成型。直到八十年代，异国短毛猫的品种正式确立，并获得猫协会的认可。外来种猫由于经过很多人的反复繁育，毛色品种很多，几乎猫中所有的毛色都有。在外观上基本继承了波斯猫滑稽造型。除了毛短之外，其它体型、四肢、头脸眼均与波斯猫一样。,,异国短毛猫的性格特点异国短毛猫性格好静，可爱，温纯，甜美，不拘小节及忠诚，另一方面，又与其它品种一样的活泼及调皮。它像波斯猫一样文静，和人亲近，又像美国短毛猫一样顽皮机灵。,异国短毛猫的生活习性异国短毛猫总是温柔平和地生活在你的周围，它们喜欢玩耍，却又善于控制，会配合你的意愿逗弄你手中的玩具，和你玩闹；也会自己去找寻有趣的事情。它们就像是猫中的“爱因斯坦”，它们会研究一下它的毛老鼠是怎么从书柜上跳下来的，然后在你不能陪它玩的时候，自己把玩具拿下来。它们会用最乖巧的模样坐在你的面前，静静地看着你，然后跳上来，蜷缩在你的怀里。异国短毛猫拥有猫国中最甜美声音之称，与它们粗壮的身材不大相称的是它们嗲声嗲气的叫声，即便在发怒的时候，也是一身的奶气；当你被它的声音迷醉，乖乖将美味送到它的嘴边，看着它吃到满意地舔着嘴巴，然后走到阳光下继续晒它的太阳浴，你将会很轻易的忘掉所有烦恼，从此为它辛苦为它忙。,异国短毛猫的优点/缺点优点：性格温和，长相甜美可爱，粘人，不拘小节及忠诚。缺点：因为眼睛和鼻腔离的比较近，所以会流眼泪，是正常的，不要以为它病了。每天你都要给它擦眼泪，不然时间久了会产生泪痕的，很难看的。,异国短毛猫的喂养方法它们的性情独立，不爱吵闹，喜欢注视主人却不会前去骚扰，大多数时间会自寻乐趣。另一方面，它们也拥有强烈的好奇心，活泼且聪明伶俐，不会神经过敏，马上就能适应新环境，因而很容易饲养。不过，因为异国短毛猫和波斯猫一样有个扁平的鼻子，所以容易有发炎的毛病，因此要经常为它清理脸部。只要每天梳洗干净，保持健康活泼，其寿命可达十三岁左右。1、异短宝宝到家后，立即把它放入准备好的厕所中让它闻过气味；再把它带到食盆水盆前，最后把它放入猫窝休息。异短宝宝一般不会出现因为害怕钻入床下或者沙发下不愿出来的现象，它会在你的家庭中走来走去，东闻闻西嗅嗅，这是它在熟悉新环境呢。不要过多地干涉它的行动自由，让它尽可能的熟悉环境，对于尽快融入家庭很有帮助。2、异短宝宝三个月以后视力才会逐渐发育成熟，夜间请为三个月以下的小异短亮盏台灯或壁灯，以免它因无法找到厕所而在床上大小便。3、最好能向异短宝宝以前的主人索要它睡过的窝中的铺垫物，回来垫在新猫窝中，会大大减少它的不适应感，利于快速和它建立感情。4、问清楚它每日吃什么品牌的猫粮，一天吃几餐，份量多少等等。在最初到家的前一两天内，尽管你的异短宝贝适应力很强，但也会因为环境的变化情绪不够稳定，所以最好食用与原来相同的猫粮。如果你想给你的异短宝宝换食新猫粮，可以在1～2周内逐步完成这个变化，先在它原有的猫粮中掺上少量新猫粮，慢慢增加新猫粮的份量，逐渐让它适应你的食物配方，防止突然改变食物而引起的消化不良。,异国短毛猫的鉴别挑选1、鼻子异国短毛猫的鼻子是越扁平越好，如果太突出就不纯了。异国短毛猫的鼻子有点象小猪的鼻子，很多家长都认为异国短毛猫的鼻子是越短越好，其实不是的，虽然是要求鼻眼一线，但是并不是指鼻子越短就越好。猫的鼻头上端是不可以超过眼角的。如果在挑选小猫的时候，两个月的幼猫鼻子就很靠上，和面部没有距离，长大了多数鼻子不会长得很好。2、耳朵异国短毛猫的耳位一定要低，两耳间距宽，才会有很宽的额骨(也就是头盖骨)耳朵要小，最好耳尖成圆形，两耳之间距离较远!3、尾巴异国短毛猫的尾巴一定要短，与身体成比例，但是以尾巴尖靠近地面最好。尾巴也一定要粗，但是这个问题很好解决的，猫的被毛丰厚度够了，尾巴也就一定是很粗的。4、观察眼睛和耳朵观察猫咪的眼中是否有杂质，然后在抚摸猫咪的各个身体部位，然后给猫咪喂食。如果是一只健康的异国短毛猫，那么它的眼睛应该是清澈有神的。5、体型特征异国短毛猫的身材多数很苗条，耳朵小且圆，脸型都成椭圆形，前额光滑，额骨宽阔。全身毛发厚实，质地硬且滑，尾巴中等长度，尾巴根部粗壮，尾尖会突然变细。买猫的时候一定要看幼猫的爸爸妈妈，这样你也可以一定程度上预知你的猫长大了是什么样子的，是最省事的办法了。
孟买猫,2500-5000元,孟买猫,小黑豹,"缅甸猫,美短猫",美国等地,美国,中型,宠物猫,宠物猫,,约50CM,0KG,15年,孟买猫又称小黑豹。20世纪50年代，一位美国肯塔基的饲养者试图把黑色美国短毛猫与深褐色缅甸猫杂交，想培育出小型黑豹一样的猫。直到1976年得到爱猫者协会确认。,,披毛颜色：成年猫毛根到毛尖均为黑色。小猫披毛会比较暗淡，随着年龄的增长变得更有光泽。鼻头和足垫：黑色。眼睛颜色：从金色到古铜色，颜色越深越亮则越好。,头圆，没有尖锐的棱角。面部饱满，两眼之间应具有一定的宽度，口套适当的宽圆，而使头部呈圆形的轮廓。侧面应该有一个适度可见的凹陷，不是“断位”，而是在眼睛鼻子中间的鼻梁处轻微的凹进。鼻子的末端略圆下来，从而完成头部的圆度。,眼睛呈圆形，为闪亮的古铜色，双眼间距较宽。,耳朵大小适中，尖稍呈圆弧形。,鼻长中等稍短，稍凹陷，但不是塌鼻梁，鼻镜黑色。,尾巴长度适中。,,,粗壮，强健有力，与身体和尾相协调。趾圆形，紧凑有力，足掌黑色。脚爪小，为椭圆形。,粗壮，强健有力，与身体和尾相协调。趾圆形，紧凑有力，足掌黑色。脚爪小，为椭圆形。,孟买猫的品种介绍孟买猫是缅甸猫和美国黑色短毛猫杂交的变种。个体较大，肌肉发达，被毛乌黑油亮，像印度的黑豹，它的主要特点也是在被毛非常独特：全身乌黑，油光闪亮，毛短，紧贴身体，向漆皮一样，手感宛如丝绸。体型中等，体形与脸形与缅甸猫相似。骨骼结实，筋肉强健，四肢发达，食量很大。头部为圆形，鼻子短，下颌发育良好。眼睛呈圆形，为闪亮的古铜色，闪烁迷人的光芒，因此有蒙娜丽莎之称。耳朵大小适中，尖稍成圆弧形。孟买猫的物种分布孟买猫的发展起源孟买猫是一个现代品种，在1958年由美国育种学家用缅甸猫（黑韶猫）和美国的黑色短毛猫杂交培育而成。由于其外貌酷似印度豹，故以印度的都市孟买命名。1976年孟买猫曾被爱猫者协会选为冠军。目前这种性情温和，感情丰富，聪明伶俐的漂亮小猫越来越受到人们的欢迎。,孟买猫的FCI标准,孟买猫的性格特点孟买猫的性格却与外表相反，相当温柔，喜与人为伴，感情丰富，被人搂抱时喉咙会不停的发出满足的呼噜声。孟买猫又称“小黑豹”。因其外貌颇像印度黑豹，故以印度城市盂买而命名。该猫具有独一无二的颜色－－黑色，毛短而有光泽；肌肉强健，身材中等，但体重相对于身体大小来说，可以算是“重量级”的了。孟买猫性情温和，稳重好静，但又聪明伶俐，反应敏捷它叫声轻柔，且不怕生，性格奇妙，常不停地发出愉快的呜呜的低声。与主人有感情，喜欢与人作伴，所以不应长时间地冷落它。所以这种漂亮的黑色小猫深受人们喜爱，是人类的好伙伴。不过和外表不一的是它的食量相当大，抱起来觉得相当有份量。,孟买猫的生活习性孟买猫有自控力。运动型，贪玩，好奇，惊人的灵敏。捕猎能力很强。孟买猫非常好交际，易于和周围环境融为一体，是理想的人类伴侣。它还能和狗友相处，但和其它的猫不一定能相安无事。个性温驯柔和，且不怕生，性格奇妙，常不停地发出愉快的呜呜的低声，喜欢与人作伴，所以不应长时间地冷落它。不过和外表不一的是它的食量相当大，抱起来觉得相当有份量。孟买猫容易被训练，他们喜爱玩抛接游戏。性格好动，陪颖和友善。与小孩容易相处，往往成为探访者的接待员，他们能与狗或其他宠物相处融洽。,孟买猫的优点/缺点,孟买猫的喂养方法1、合理膳食：注意猫咪的食物硬度，并且要合适的时间补充维生素或其他微量元素，不要长时间进行一种食物的喂养，要更换不同口味的食品。2、眼睛护理：孟买猫有一双晶莹剔透的双眼，要小心的用湿棉签帮助清洗过多的黏液，小心擦拭周围毛发。3、定期抚摸：当孟买猫到了高龄，关节炎湿它们的通病，因为不能长期活动，主人们可以帮助他们轻轻按摩肌肉或者关节。,孟买猫的鉴别挑选首先，孟买的眼睛都是铜色和金色的。如果各位看到蓝色，绿色，黄绿色的眼睛，那就很明显不是孟买了。然后，看鼻子。孟买是没有鼻梁的，在眼睛中间线或是眼睛下面那条线鼻子才开始鼓起来，鼻子很翘，而且翘一小下下就没了，可以说鼻子很短。而土喵是有鼻梁的，鼻子很长哦~三，黑色土猫的耳朵是比较瘦，上面是尖尖的（顶部），而孟买的耳朵的感觉就是比较广，是圆圆的~四，从脸型方面看，如果看侧面就看感觉孟买额头突出，鼻子那里凹进去然后出来，之后和嘴巴都是一条平线下去的，而土猫就是斜斜的侧下来的脸~
暹罗猫,2500-5000元,暹罗猫,暹罗,非纯种亚洲猫,泰国,泰国,中型,宠物猫,宠物猫,,30-50CM,2.5-5.5KG,15年,"头细长呈楔形。头盖平坦，从侧面看，头顶部至鼻尖成直线。脸形尖而呈V字形，口吻尖突呈锐角,从吻端至耳尖形成V字形。鼻梁高而直，从鼻端到耳尖恰为等边三角形。两颊瘦削，齿为剪式咬合。耳朵大，基部宽，耳端尖、直立。眼睛大小适中，杏仁形，为蓝色，或深或浅。从内眼角至眼梢的延长线，与耳尖构成V字形。眼微凸。尾长而细，尾端尖略卷曲。长度与后肢相等。柔韧性好，肌肉发达，身材苗条，长得棱角分明，腿细而长。掌很小，呈椭圆形。尾巴长而美丽，尾端尖。",,体毛为均匀的单色，但允许海豹色斑点。蓝色斑点上有少量阴影色。体毛色应与斑点色对比明显。所有特征部位（鼻端、四肢、耳朵、尾巴）斑点均为同一色，斑点中应无交驻混杂毛色和白色。特征部分的斑点颜色应为下述四种：海豹色斑点：身体为米色。脸部、耳朵、腿下半段、脚、后均为海豹色。蓝色斑点：身体为米色。脸、耳、脚、尾为蓝灰色。巧克力色斑点：身体为象牙色，脸、耳、腿、脚、尾为巧克力色。紫丁香色斑点（淡紫色斑点）：身体为白色和粉灰色。脸、耳、腿、尾为淡紫色。,头部呈等边三角形，整个面部从鼻子以直线分向双耳发展，呈现V字形。 所以整个面部发展十分均匀对称，而面颊底部骨骼平滑， 所以须子底部可明显见均匀颜色。,中型杏眼形状，眼珠向上吊。颜色为深蓝色或湖蓝色，部分暹罗猫眼睛呈浅蓝色。从内眼角至眼梢的延长线，与耳尖构成V字形。眼微凸。,大而灵敏。耳底宽阔而且呈现重点色。耳末端较尖。,鼻管长而直， 一直伸展到额头。鼻梁高而直，从鼻端到耳尖恰为等边三角形。,长而尖削，末端呈重点色。,,,长而纤廋，后肢较前肢为高，而四肢前方微呈蛋形。而且四肢、身躯与颈项搭配得均匀细长。,长而纤廋，后肢较前肢为高，而四肢前方微呈蛋形。而且四肢、身躯与颈项搭配得均匀细长。,"暹罗猫的品种介绍暹罗猫，又叫泰国猫、西母猫，其英文名为Siamese，起源于14世纪，祖先为非纯种亚洲猫。虽然科学家手中并没有握着暹罗猫来源的证据，但他们相信暹罗猫是从泰国而来。据记载，暹罗猫早在几百年前就生活在泰国的皇宫和寺庙中，之后它们被作为外交礼物而送给其他国家。暹罗猫的物种分布暹罗猫原产于暹罗（今泰国），在200多年前，这种珍贵的猫仅在泰国的王宫和大寺院中饲养，是足不出户的贵族。1884年英国驻泰国的曼谷领事离任时，将泰王国的礼物之一海豹色斑的暹罗猫带回英国，立即受到英国许多爱猫者的重视。翌年，该猫就出现在伦敦郊外的水晶宫猫展会上，引起震动。1920年引入美国，而后传布世界各地。暹罗猫的发展起源关于暹罗猫第一次到达亚洲以外的地方，大多数认为是1884年英国驻泰国曼谷领事(1847-1916),从曼谷将一对饲养的暹罗猫Pho和Mia带回英国送给他的姊妹LilianJaneVeley(以后Veley在1901年也成为了暹罗猫会的创办人之一)。然而翻阅纪录，美国总统莱斯福·凯斯在1878年就收到从曼谷的美国领事馆送来的一只暹罗猫作为礼物。这是第一次有历史记载暹罗猫离开亚洲，比登陆英国还要早了六年，只不过没有繁殖下去而己。1885年Pho和Mia诞下了三只小暹罗猫DuenNgai，Kalohom和Khromata。三只小猫和它们的父母在同年参加于伦敦水晶宫举办的猫展。暹罗猫独特的姿态和举止都带给与会者深刻的印象。不幸地，三只小猫在参展后不久便死了，死因却没有任何的纪录。暹罗猫在泰国还被称为Wichien-maat，即“月亮钻石”的意思，这足以证明当地人对暹罗猫有多重视。据说，过去在泰国皇宫中，暹罗猫还有专人负责起居饮食，即便泰国出现经济危机，它们的生活也完全没有受到任何影响。暹罗猫被很多人看作贵族，但跟另外一种猫中贵族波斯猫相比，它们则明显外向得多，它们活泼好动，一听到主人的声音就会立马回应。如果你希望身边有一只机灵的猫咪能打破无聊又平静的生活，那么暹罗猫一定不会让你失望。至于网上有人问，暹罗猫需不需要遛来消耗它们的体力，专家则表示暹罗猫在家的运动就可以满足身体运动的需求，如果担心暹罗猫活动不够，那就每天多陪它们来点游戏吧。",,暹罗猫的性格特点如果说波斯猫以温文尔雅而著称，那暹罗猫则以其刚烈好动而闻名。暹罗猫性情多变不可预测，它攻击性强，这成了它区别与其他品种猫的基本特征。尽管如此，暹罗猫仍受到人们的极大喜爱，它精力充沛，活泼好动，聪明伶俐，灵活可爱，可陪主人外出长距离散步，能学会翻跟斗、叼回抛出的物品等技巧。暹罗猫感情专一，多数情况下倾向于家庭中的一个成员，而对其他人却漠不关心，当主人不在，它会呈现出痛不欲生的神态，暹罗猫繁殖能力较强，发育很快，雌猫较其他品种猫的性成熟早，5个月的母猫就可受孕，且产仔数较多。小猫出生时的体重比其他品种猫要大，2~3天就能睁眼，3周就能离开窝到外而去玩耍。刚出生时毛色近乎纯白，随着年龄的增长，才逐渐显示出暹罗猫特有的迷人本色。暹罗猫易得病，若调理得当，般寿命在15~20岁。,暹罗猫的生活习性作为一种著名的宠物猫，暹罗猫能够较好适应主人当地的气候，且性格刚烈好动，机智灵活，好奇心特强，善解人意。暹罗猫喜欢与人为伴，可用皮带拴着散步。它需要主人的不断爱抚和关心，对主人忠心耿耿、感情深厚，如果强制与主人分开，则可能会抑郁而死。暹罗猫还十分聪明，能很快学会翻筋斗叼回抛物等技巧。暹罗猫的叫声独特或像小孩的啼哭声，而且声音很大。,暹罗猫的优点/缺点首先说一下暹罗猫的优点：1、性格特别好，暹罗猫特别温顺，对老人和小孩都不构成威胁，可以作为陪伴老人和小孩的宠物。它们一般都不会恶意攻击人，非常听话，是一个很适合当作家养宠物的小动物。2、情商高，懂事，暹罗猫是猫科动物里面少有的情商高的动物，它们都可以听得懂主人的话，特别通人性，也喜欢和主任沟通。很多时候和暹罗猫对话，它都会喵喵的回应你，就好像听懂了一样。有这样一只暹罗猫陪在你身边是一定不会感到孤独的。3、特别粘人，养过暹罗猫的人都知道，暹罗猫经常会像一个贴片，不管你走到哪，他都会赶快跟过来贴在你身边。睡觉的时候还喜欢抱着主人睡，简直是寸步不离，如果暹罗猫跟在你身后叫，不回应它，它就会一直叫，这可能也是因为暹罗猫特别没有安全感吧。缺点：没有人在家陪伴它的时候，它就会发狂，喜欢挠沙发，撕纸巾，把家里的东西全部搞乱。回到家时，往往都是一副惨不忍睹的场面。暹罗猫还特别喜欢叫，它的叫声凄凄惨惨戚戚，让人浑身汗毛都竖起来。,暹罗猫的喂养方法1、喂食：运动量的改变使肠道的消化吸收能力以及肝、肾的过滤和解毒等功能都会发生变化，应该多加注意猫咪适合的食物硬度，适量补充钙、铁、维生素及其它微量元素，更换不同口味的食物；注：禁食不易消化的食品，保证清水供给。2、刷牙：如有条件，应给爱宠刷牙，以减少牙龈发炎引起的细菌侵入；3、眼睛护理：经常用湿棉花清除过多的黏液，并清洁眼睛周围的皮肤；4、耳朵护理：定期检查内耳道；5、关节护理：关节痛是高龄宠物的通病，如果它不能定期活动，可在它休息时替它轻轻按摩肌肉或活动四肢关节。,暹罗猫的鉴别挑选1、外观整洁，活泼有生气，动作灵活，用手抱时感觉重量比预感的重，即实打实的重量；2、扒开嘴看，口腔、牙床和舌头呈浅红色，牙齿咬合正常，没有特别的异臭味；3、猫耳应干净且无分泌物。如果猫时常不断抓搔耳朵，或甩头的话，可能是已经感染了耳疥虫了；4、鼻头微红湿润有光泽，鼻尖上用手背感觉应该较凉而且湿润，鼻孔周围没有鼻水或分泌物；5、眼睛应清澈、明亮，眼角没有分泌物，眼角不应露出第三眼睑（很多猫发病时都是首先出现第三眼睑）；6、身体发育适中、肌肉结实、四肢粗而不弯曲，行走正常，用手拉扯腿脚反应有力；7、腹部应稍圆，手感摸不到肋骨，如果猫腹膨大的话，有可能是蛔虫感染或腹膜炎的症状，小猫肚子略为凸出为正常现象；8、肛门周围的毛干净，肛门口没有污迹；9、幼猫的健康指标最明显就体现在毛发上。健康的幼猫毛发应有光泽、蓬松、毛发直立。如果幼猫的毛发杂乱无光泽，说明其已感染了疾病，或已生过病刚治愈不久，这样的猫最好不要选择；10、听到叫声马上有反应，经挑逗有玩欲，闻到肉味有强烈的食欲。
孟加拉豹猫,2500-5000元,孟加拉豹猫,豹猫,亚洲豹纹猫,世界各地,加州,中型,宠物猫,宠物猫,,30-50CM,3.5-7.0KG,13年,"孟加拉豹猫拥有野猫的外表特质和家猫亲切可靠的品性， 身体中至大型, 且充满肌肉感 。后臀及腿比肩部稍高，被毛光滑。",,主色有三种：棕色，银色，雪色。,孟加拉豹猫宽阔改良式的契形头，有着圆型的轮廓。头形是长度较长而宽度较岝。头部在整个身体的比例上是稍微小一点，但不应该小得太夸张。头盖骨于耳朵的后方形成一个和缓的曲线一直下滑到颈部。成年公猫的颚骨是宽阔的。头部整体看起来应该比其它种家猫还具有狂野的外貌。,椭圆形，非常接近圆形。两眼分的很开，轻微的斜向耳朵根部。眼睛的颜色与皮毛的颜色无相关性。眼睛的颜色越浓越深越好。,中到小，有着宽阔的耳根与圆形的耳尖。从侧面看来耳尖应指向前方。些微的饰毛是可以被接受的，但是如薮猫一般的耳尖(指饰毛太多)则不良。,大且宽阔；皮肤呈现轻微的疏松的状态。,中等长度、纤细、末端是圆形的锥型状。,,长、结实且强壮；与身体成一完美比例。,中等长度，后脚比前脚稍长。,中等长度，后脚比前脚稍长。,"孟加拉豹猫的品种介绍孟加拉豹猫身上斑点的豹纹图案，为孟加拉猫缔造出野性的感觉。手感如水貂般的被毛，更别具其它猫种所没有的高贵感。拥有狂野的山猫血统却很温顺，善于与人相处及喜欢被人抚摸。这种猫的叫声不大，但却喜爱跟主人说话，并很喜欢跟小孩子玩耍。适应力强和好奇心旺盛也是孟加拉猫的特色之一。从短毛到中长毛都有，幼猫的被毛则较长。手感仿如丝般柔软，拥有漂亮的斑点纹。毛色包括亮橘色配黑斑点、深红色配黑斑点及淡橘色配啡斑点三种。孟加拉豹猫的确是一种很独特的猫种，它的祖先是亚洲美洲豹纹猫(AsianLeopardCat)和家猫的混种猫,它的名字就是由AsianLeopardCat的拉丁名字FelisBengalensis而来，英文名字取为BengalCat。，这个猫种在1984年已为TICA国际猫协会组织所承认，不过一定要是亚洲美洲豹纹猫的四代以后，才能算孟加拉猫。第一代的孟加拉猫，叫做F1，和赛车一样的名字，F1的爸爸限定要是亚洲美洲豹纹猫，妈妈是土猫。再下一代，叫做F2，然后是F3。要到F4这代，孟加拉猫身上只剩下1/8的亚洲美洲豹纹猫的血源，然后才会脱离掉亚洲美州豹纹猫的野性，接近一般家猫的温和个性。从F1到F3之间的猫，还不算是家庭宠物的孟加拉猫，他们是用来做饲育第四代F4的基础种猫，天生的自然野性及行为表现，不适合与人类居住在一起，一定要由专家或专业繁殖者饲养才可以，不然会有很严重的相处问题。孟加拉豹猫的发展起源在1963年她将一只公的黑色的短毛家猫与一只母的ALC(亚洲豹纹猫)交配。在1975年，Jean从WillardCenterwall医师~一位服务于加州UCDavis的遗传学家与小儿科医师(在那段期间C孟加拉豹猫是一种很独特的猫种。它的祖先是亚洲豹纹猫和埃及家猫的混种猫。这个猫种在1984年已为TICA（Theinternationalcatassociation）国际猫协会所承认。不过一定是亚洲豹纹猫四代之后，才能算真正的孟加拉豹猫。到孟加拉豹猫（第四代豹猫）这一代，猫身上只剩下1/8的亚洲豹纹猫的血统，脱离了亚洲豹纹猫的野性，气质开始如其他家猫一般温顺。当猫繁殖到第四代，野性在体内剩下1/8时，孟加拉豹猫这个品种就产生了。",孟加拉豹猫的FCI标准,孟加拉豹猫的性格特点自信、机警、敏捷、聪明、好动、好奇和友善，不带攻击性。孟加拉豹猫聪明伶俐，很是活跃，又很腻人，性情温顺，能够融洽地和儿童或其他宠物一起生活。但是如果它想要和你捉迷藏，你恐怕累死也很难捉到它。,孟加拉豹猫的生活习性孟加拉豹猫温和而带有豹猫的野性美。它永远精力充沛，有着运动家一般的自信与机警，对事物有强烈好奇心，而又不带攻击性。是一个性格直爽的和平主义者。它可爱机敏的外表也让许多人倾心。饲养孟加拉豹猫甚至可以带它玩水，带它与狗一起玩，带它和孩子一起打闹。孟加拉豹猫就是这样的“野孩子”。孟加拉豹猫不属于胖猫种。很多主人在喂养时发现自己的孟加拉豹猫体形过瘦。处于生长期的猫咪营养消耗较大，有可能热量摄入不足，必须及时补充消耗的能量，换食脂肪较高的猫粮。热量的补充应适可而止，一只漂亮的孟加拉豹猫需要的是一个充满肌肉感的身材，并不是充满了赘肉的身材。孟加拉豹猫比较喜欢运动，应该在饲养的地方增加一些猫爬架，作为它们的运动场地。合理的运动对于保持孟加拉豹猫全身的肌肉感和完美的弹跳力功不可没。,孟加拉豹猫的优点/缺点,孟加拉豹猫的喂养方法第一眼看到孟加拉豹猫的人，都会被它的外表深深吸引。这种酷似豹子的猫，实在是太让人喜欢了。当然作为一种名贵宠物猫，价格也是很贵的，想要饲养的人也要事先做好准备。下面就一起来看看该如何饲养孟加拉豹猫吧。饲养所谓的皇家豹猫与饲养家猫没有太大的分别，可以使用一般的猫沙和干粮，不过它的体味较家猫浓烈，而且有较强的攻击和防御能力，豹猫拥有野性的血统，须给它自由度。豹猫适应能力强，很少病痛及较少遗传病。孟加拉豹猫的毛较短，并不需要主人花太多的时间去打理，平时可以给它一些爱抚，合理平衡的饮食，加上定期的清洗，它的被毛会变得光滑柔软。只有在每年的春天的脱毛期，你才需要用猫咪专用的梳子为它梳理脱落的被毛。在这个时候，它会展露出温柔的一面，用呼噜声对你做出回应，想必你也会沉醉在它的呼噜声中。孟加拉豹猫比较喜欢运动，应该在饲养的地方增加一些猫爬架，作为它们的运动场地。合理的运动对于保持孟加拉豹猫全身的肌肉感和完美的弹跳力功不可没。孟加拉豹猫不属于胖猫种。在喂养时发现自己的孟加拉豹猫体孟加拉豹猫形过瘦。处于生长期的猫咪营养消耗较大，有可能热量摄入不足，必须及时补充消耗的能量，换食脂肪较高的猫粮。热量的补充应适可而止。这些都可以在波奇商城购买，十分方便。孟加拉豹猫温和而带有豹猫的野性美。它永远精力充沛，有着运动家一般的自信与机警，对事物有强烈好奇心，而又不带攻击性。是一个性格直爽的和平主义者。它可爱机敏的外表也让许多人倾心。饲养孟加拉豹猫甚至可以带它玩水，带它与狗一起玩，带它和孩子一起打闹。,孟加拉豹猫的鉴别挑选1、体型豹猫是充满野性魅力的精灵，这种野性魅力是源自于他对野生豹猫或者豹子的模仿。所以体型也相当重要，显然长着一副短短圆圆的身体只会让人感觉呆萌，细长的东短﻿﻿/暹罗身材带来的是优雅的感受，豹猫就需要豹子一样的体型。躯干：修长且结实，非东方短毛猫型（过于纤细）或异国猫型（过于粗壮）的体型。体型中至大型（但还不应是体型最大的家猫品种）。母猫体型普遍更小，且应更注重身体比例的均衡。四肢：中等长度，后腿比前腿略修长。脚垫部：大、圆，趾关节明显而突出。尾部：中等长度，粗大浓密，尾后部呈锥型且顶尖部为半圆型。骨量：粗壮、结实，永远不能显得纤细。然而通常我们在选购猫咪的时候，骨量如何，肌肉是否发达是很难从图片上看出来的，所以我们躯干部分只关注整体是否修长结实，爪子是否大，尾巴是否长度适中且粗大就够了。豹猫和狸花的串串是不可能拥有粗壮尾巴的，所以在选猫的时候尾巴是很重要的考察点，同时，是否折尾可以反应猫的基因情况，请不要选用折尾猫用于繁育。骨量可以通过猫的后腿小腿大概判断一下，因为这部分基本是皮包骨，粗的话骨量就好，细的话骨量就差，但是仅供参考，不能作为判断，实际判断以到手为准。2、花色 金色孟加拉豹猫的英文名称为﻿﻿Brown（棕色）并非Golden（金色）。所以有大量的“金豹”其实是“棕豹”，颜色上并不是你想想的那样金黄。选购金豹的时候，以金色为佳，棕色相对要差一些。但是由于孟加拉豹猫有绒毛期（Fuzzy），小时候看起来都是棕色的，这时候主要以父母的毛色为参考。﻿﻿除了整体看起来是金色的，还有一个是很重要的三色对比。即：﻿﻿底色：为了对比强烈，底色颜色偏淡一些为好，不要太浓郁。否则随着时间的增长，豹猫身上的花纹对比度会越来越差。花纹边框：花纹边框要有“像涂上黑色眼睫毛膏一样突出的黑唇线”，且尽量闭合。花纹：花纹颜色要艳丽，呈现出“金”、“红”这样的颜色为最佳，但是要淡于边框颜色。银色豹猫就没啥好说的了，除了银色底色就是各种深浅不一的黑色花纹。相比于金色的华丽三色对比，银豹更注重底色发亮，呈现银灿灿的感觉。
缅因猫,7000-20000元,缅因猫,缅因,,,美国缅因州,小型,宠物猫,宠物猫,,0CM,0KG,0年,缅因猫中间脸型，耳位高，耳朵大，眼间距较宽，脑门上有M型虎斑。属于大体形的猫，强壮，脚掌大而圆。光滑有层次，底层的绒毛细软，背部和腿部的毛长而浓密，缅因猫尾部的毛像羽毛一样散开。颈部有毛领圈。纯种缅因猫必须具备的特点是：眼圈、嘴唇都是黑色。缅因猫的毛色非常多，估计有60余种被毛图案。,,毛色以单色、条纹色、混合色系为主，共约三十种左右毛色。其中以红色、棕褐色、巧克力色、银白色为多见，有时尚见条状或块状的斑点。,头大而圆，颧骨高，鼻梁长，稍凹陷，口呈方形、紧凑眼睛大，椭圆形，眼色有绿色、金黄色、紫铜色等耳大基宽尖细，两耳间距宽，耳内有密生的长饰毛，并与体毛相衬。,眼睛大，眼角稍吊，为绿色、金黄色或古铜色。,大而尖，耳毛发达。,鼻子中等长度,尾长，尾毛飘垂。,,,高大粗壮，与体长比例恰当。,高大粗壮，与体长比例恰当。,缅因猫的品种介绍缅因猫因原产于美国缅因州而得名，是北美自然产生的第一个长毛猫品种，约于18世纪中叶形成较稳定品种。缅因猫体格强壮，被毛厚密，长像与西伯利亚森林猫相似，在猫类中亦属大体型的品种。人们可以看到各种毛色和花式的缅因猫，唯独没有巧克力色重点色、淡紫色重点色或暹罗色重点色类型的花猫。它的眼睛为绿色、金黄色或古铜色。总的来说，毛色和眼睛颜色之间没有固定关系。缅因猫的物种分布缅因猫是北美洲自然产生的最早的长毛猫品种，原产于美国东岸缅因州附近。缅因猫是美国猫种当中“猫口”最多的种群，除了其聪颖与活泼广为人知以外，其独一无二巨大的体型也令人过目难忘。缅因猫种起源于新英格兰并且是北美洲最老的天然猫种，同时使得它成为美国第一个本土展示猫。一般来自缅因州的品种都被视为最纯正。缅因猫的发展起源缅因猫历史悠久，其起源可追溯到1850年，当时的缅因州贸易繁盛，世界各地船只云集此港，各种猫种也随之带到此地。在这些猫种混种交配中，最能适应缅因州的严寒气候，以及适宜于当地人们生活习性的长毛品种得以生存成为今日缅因猫的祖先。缅因猫也由此而具有顽强勇敢，克服恶劣气候能力强，毛厚而长的特征。另一种说法是缅因猫的血统是由美国农场猫咪所繁衍而来，是早期安哥拉猫与非纯种短毛猫杂交的品种，以由于深受北美严厉大自然的影响，形成缅因猫魁梧坚忍的天性，因为农场猫咪身负驱除鼠害的重要工作，因而练就了一身驱除老鼠的高强武功并磨炼出强健的骨骼和肌肉。缅因猫第一次出现于猫展是在1895年的纽约。当时，缅因猫初次登台做了一次漂亮的演出，一举夺标而名噪猫界，成为众所瞩目的焦点。不过后来，声势渐落在波斯猫及暹逻猫等外国猫之后，缅因猫的人缘开始逐渐下滑。第二次再度展露头脚是在第二次世界大战之后，尤其是60年代，猫迷们还成立缅因猫繁殖者协会及爱猫同好会，到现在为止都还是很受猫迷们的喜爱。在北美，缅因猫因为聪明乖巧，而且棕色虎斑颜色的缅因猫尾巴和北美著名的浣熊尾巴相似，所以又被称为“缅因浣熊猫”，在猫展中，受喜爱的程度仅次于长毛的波斯猫。,缅因猫的CFA标准头部：缅因猫头大而圆，颧骨高，鼻梁长，稍凹陷，口呈方形、紧凑眼睛大，椭圆形，眼色有绿色、金黄色、紫铜色等耳大基宽尖细，两耳间距宽，耳内有密生的长饰毛，并与体毛相衬。躯体：缅因猫具有野性美特点，它体格雄壮魁梧，公猫体重可达7千克，母猫亦达5千克体呈长方形，骨骼粗壮，肌肉发达，胸部宽阔、厚实。尾长端细，尾毛蓬松，有深色斑。四肢：缅因猫高大粗壮，与体长比例恰当。趾大而圆，有饰毛覆盖被毛：体毛长而柔软，光滑而富有弹性，其中以尾部、腹部的被毛最长而下垂，颈部被毛长而蓬松，肩部的被毛最短毛色有30种左右，其中以红色、棕褐色、巧克力色、银白色多见，有时尚见条纹或块状斑点，其中带有温暖气息的棕色虎斑猫最受欢迎。披毛：缅因猫披毛能适应四季。头部，肩部和腿浓密，丝质，短；而背部，胁部较长，而且裤子明显而毛多。有领圈毛为佳。底层绒毛柔软，细腻；表层毛发光滑，防水，微微油腻。除了巧克力色，淡紫色，重点色，以及芥末色和浅黄褐色外，所有其它颜色都是可以接受的。毛色：缅因猫毛色以单色、条纹色、混合色系为主，共约30种左右毛色。其中以红色、棕褐色、巧克力色、银白色为多见，有时尚见条状或块状的斑点。体型：缅因猫和布偶猫、西伯利亚猫同属猫中最大型者，其雄性体重平均5.9~8.2千克，雌性平均3.6~5.4千克。中等长度的四肢。肌肉非常发达。骨骼结构坚实。外表强大，生命力顽强。毛发长而粗糙。扣分：头小，颊瘦削，口吻尖，耳尖，四肢纤弱者。失格：缅因猫齿咬合不正(下颌齿突出)尾异常扭曲，赘生趾，有白色斑或纽扣斑者。,缅因猫的性格特点缅因猫缅因库恩猫的捕鼠技巧精湛，亦因此令这种土生于美国缅因州的长毛猫为人所认识。透过特有的繁殖计划，这种猫发展成体魄健壮，尤其适合生活于浓冬及不同的季节。缅因库恩猫的美丽外表常常被人欣赏。但从一头普通的农场猫直至其品种被美国CFA确认并不是一件容易的事，当中亦经过了很长的时间。虽然缅因库恩猫曾经失宠及在猫展中消失了一段颇长的时间，但这美丽的猫种今天又再次活跃于各大小猫展了。原本是工作猫的缅因库恩猫，结实且刻苦耐劳，能忍受恶劣的天气，它最特别的是以拥有一身顺滑，而浓密的披毛。它和挪威森林猫并无血缘关系，但长相极为相似。头形中等阔度，嘴部呈方形，高的颧骨。下巴强壮结实，与上唇及鼻子成一直线，侧面看去，下巴的轮廓几近正角，鼻子挺直，没有鼻节。耳朵大而且长满毛，大大的眼睛，两眼距离宽。中至大的身型，强壮，胸部宽。雌猫一般比雄猫细小。长长的尾巴配以飘逸如皮草的长毛。披毛厚而且浓密，前胸的毛较短，而背后和腹部及大腿的毛则较长，毛质如丝一般，顺滑的向下飘。缅因库恩猫有多种的毛色，包括纯色，斑纹，双色，三色，银影色，玳瑁色等等。缅因猫每窝产2－4只仔猫，仔猫的大小和毛色差异很大，其发育缓慢，4岁时才能达到完全成熟。,缅因猫的生活习性缅因猫性情温顺，对人亲近，聪明独立，善解人意，是良好的宠物。缅因猫性格倔强，勇敢机灵，喜欢独处，但能与人很好相处，是良好的宠物。缅因猫睡觉的习惯很特别，喜欢睡在最偏僻古怪的地方。有人提出一种理论来解释这种习性，说它的祖先农场猫习惯睡在高低不平的地方。缅因猫另一不同寻常的特点使它能发出像小鸟般唧唧的轻叫声，非常动听。,缅因猫的优点/缺点,缅因猫的喂养方法动物肝脏：一些猫很爱吃动物肝脏并且拒绝吃其他食物。动物肝脏中含有大量的维生素A，但过多地摄入维生素A会导致肌肉僵硬、颈痛、骨骼和关节变形以及肝脏疾病。高脂食品：如果猫的饮食中含有大量高脂肪的鱼类或不新鲜的肥肉，会导致维生素E的摄入不足，进而引起猫的身体脂肪发炎，并极度疼痛。生鱼：某些生鱼中含有可破坏维生素B1的酶，而维生素B1的缺乏可导致猫的神经疾病，严重时会致命，这种酶可以通过加热得以破坏，所以一定要将鱼做熟以后再喂猫。肉：虽然猫的饮食应以肉类为主，但如果只给猫喂食肉类食品，会导致矿物质和维生素摄入不均，进而引发严重的骨骼代谢紊乱。狗粮：狗粮与猫粮中的营养物质不尽相同，狗粮中的营养物质不能够满足猫的需求。虽然猫狗都是肉食动物，但狗对营养的需求不如猫大。鱼肝油：在为猫补充额外维生素和矿物质时应特别谨慎，过量食用鱼肝油会导致维生素A和维生素D的超量摄入，进而引发骨骼疾病。,缅因猫的鉴别挑选一、看毛色缅因猫底层绒毛柔软，光滑而富有弹性，其中以尾部、腹部的被毛最长而且下垂，颈部被毛长而蓬松，有领圈毛为佳，披毛能适应四季变化，大部分里层厚被毛在夏天会褪掉。缅因猫颜色的种类非常多，包括纯色，斑纹，双色，三色，银影色，玳瑁色等等。其中以红色、棕褐色、巧克力色、银白色多见，有时尚见条纹或块状斑点，其中带有温暖气息的棕色虎斑猫最受欢迎。二、看外型挑缅因猫，看外型的话，主要看头部、躯体、四肢和尾巴等。1、头部宽度中等，头长略大于宽呈矩形，且头于口套垂直（从侧面观察）。因为成年公猫头部会越来越大，所以允许他们的头部略宽。颧骨较高。2、缅因猫的是纯种猫中体型最大的猫，也有人叫猫中狮子，体呈长方形，平均体重约6.8～11.3千克，其中公猫体重可达7千克，母猫亦达5千克，体长可达到120cm左右，身高也比其他的猫高一些。3、四肢：趾大而圆，有饰毛。5、扣分：头小，颊瘦削，口吻尖，耳尖，四肢纤弱者。6、失格：齿咬合不正(下颌齿突出)、尾异常扭曲、赘生趾、有白色斑或纽扣斑者。
金吉拉猫,3000-5000元,金吉拉猫,金吉拉,"安哥拉,波斯猫",,英国,小型,宠物猫,宠物猫,,0CM,0KG,0年,理想的金吉拉猫应当给人一种骨骼厚重、平衡良好的感觉，并有一副甜美的表情；身体呈现出一种柔软，浑圆的曲线。头部整个看起来，又大又圆，一对大眼睛很圆，两眼距离宽，分的很开。金吉拉四肢较短，体态比波斯猫稍娇小但显得更灵巧。全身都是浓密而有光泽的毛，在欧美等国家的金吉拉猫以单色系较为普遍，经过多年的人工培育，色系已衍生出许多样。,,主要有四种：1、银白色金吉拉猫。2、银色阴影金吉拉猫。3、金色金吉拉猫。4、金色阴影金吉拉猫。,圆而厚重结实，头骨宽大；圆脸圆下巴；整个脑袋很好的生长在短粗的脖子上。头骨从前额到后脑摸上去圆滑，像两耳之间头的头顶曲线。从侧面看，眼睛前端和前额、鼻子、下颚在一条垂直线上。,眼睛大，圆而饱满。位置水平并且距离远，使得面部表情甜美。眼睛必须为绿色或者蓝绿色。,耳朵小，耳尖圆，方向朝前，耳朵根部宽度适当。两耳距离很宽，位置较低，整个圆形的头部融成（而不是改变头部圆形的轮廓）一个完美的整体。,鼻子短、扁而且宽，有一个明显的分界凹痕在两眼之间。,尾巴短，但和身体长度成比例。它不卷曲，略低于身体并和水平的后背成一个角度。,,,腿短而粗壮。前腿直。,腿短而粗壮。前腿直。,金吉拉猫的品种介绍金吉拉猫，英文名叫Chinchilla，原产地为英国，祖先是安哥拉猫与波斯猫。有些人将金吉拉称为人造猫，从这个别称中，我们就可以对金吉拉猫的身世略窥一二，它们是由人类刻意培育出来的。另外，有一件事可能大部分人都不知道，那就是金吉拉是最早纯人工育种的猫咪，它们与1894年出现。在国际纯种猫的比赛分类中，金吉拉猫被归于波斯猫的一种，而实际上金吉拉猫主要又被分为银色金吉拉猫，银色阴影金吉拉猫，金色金吉拉猫，金色阴影金吉拉猫4大种类。注：2011年CFA协会承认蓝银色金吉拉以及蓝金色金吉拉，但繁殖数量非常稀少。金吉拉猫的发展起源如今的金吉拉具有银色虎斑和烟色猫种的特点（尽管外表看来并不明显）。事实上，公认的金吉拉猫的祖先已难以考证，因为它是由很多种猫种繁育出来的，但是该猫种的起源却被详细地记录了下来，所有的线索都表明该猫种的繁育其实是由一只生于1882年的名叫Chinnie的母猫发展起来的。所以“金吉拉”这个名字不知道是于Chinnie而来的还是为该品种与名叫Chinchilla的南美栗鼠（即俗称的龙猫）有某些相同之处而来。历史上最成功的一只金吉拉猫是Decies女士的出生于1895年的ChFulmerZaida。它于6岁到10岁之间(1901-1905)连续获得了17个猫展的总冠军!现在的最高记录保持者是Crockmore女士的雪云，它在1948-1955年间一共获得了18个冠军、5个后备冠军和1个第三名。金吉拉是最早纯人工育种，经过多年精心繁育而成的一个特色猫种。经过繁育者们不懈的努力，金吉拉猫于1894年首次被作为一个独立的品种出现在英国水晶宫猫展上。,,金吉拉猫的性格特点金吉拉猫是由波斯猫培育而成，所以金吉拉的性格跟波斯猫有一些相像之处，比如它们喜欢安静，不会总是打扰主人；它们善解人意并且愿意与人亲近；它们天生聪明，很容易接受训练等等。但金吉拉也有一些性格特点比波斯猫更为明显，那么我们不妨来看看金吉拉猫的哪些个性更为突出。1、跟波斯猫一样，金吉拉看上去高贵华丽，它们是高高在上的贵族。不过金吉拉比波斯猫更有“主人”意识，它们不会认为自己是你的“臣民”，它们所做的一切也都是为了让自己享受更好的生活。所以，想让金吉拉更听你的话，你最好以朋友的姿态来引导猫咪，否则它们也是会有逆反情绪的。2、虽然金吉拉也喜欢安静，但它们比波斯猫要活泼一些，而且它们的身手也更为敏捷。为了保证猫咪有足够的运动量，主人可以每天跟猫咪来点小游戏。如果陪伴猫咪的时间不够多，那么可以多准备几个玩具，这样猫咪也不会因为没有人陪而感到寂寞难耐。3、金吉拉猫有时会有些任性，当主人碰到猫咪使小性子的时候，可以通过用零食等其他方式进行诱导，这样猫咪比较容易接受你的指令。4、金吉拉很爱干净，它们有事没事就会舔舔自己的爪子、清理一下身上的毛发等等，它们这么做的目的就是清除身上的异味和灰尘。需要注意的是，经常舔身体的猫咪可能会吞入过量毛发，主人在平时可以定期给它们喂食猫草。,金吉拉猫的生活习性作为珍稀的纯种猫，攀爬跳跃的能力相对较强。但依然保持猫特有的好奇心，对逗猫棒和小飞虫等物体格外敏感。幼年的金吉拉天真顽皮，需要时间运动撒欢，累了就找主人亲昵的撒娇。成年后活动量逐渐减少，睡觉吃饭的时间也都相对固定。毛发丰满的金吉拉每日需要主人进行梳理，定期洗护。每天花费5分钟打理毛发，也会大大减少掉毛现象的频频发生。作为长毛猫种之一，他们经常需要食用化毛膏或者猫草等食物帮助肠胃排除毛球。金吉拉爱干净，认主人，认自己的名字。喜欢干燥明亮的地方。进食习惯多为少吃多餐型。要特别注意食物中盐分要少。,金吉拉猫的优点/缺点,金吉拉猫的喂养方法金吉拉猫的饮食计划需要根据它们的年龄进行制定。当猫咪处于幼年期时，主人可能每天要给猫咪喂食4-5餐，因为幼猫胃容量较小，但它们每天需要大量的营养和热量，所以它们的喂食次数要比成猫多得多。幼年猫的饮食可以从软食逐渐向干粮过度，如果长期吃软粮对猫咪的牙齿并无益处，反而可能会导致猫咪出现牙结石的疾病等。而如果过早地喂食干粮，幼猫则可能出现消化不良、腹泻的情况，对于幼猫的身体来说，这是极大的负担，所以幼年期猫咪的饮食一定要注意。成年猫咪的喂食相对于幼年猫咪来说要简单一些，主人每天给猫咪喂食两次即可，不过时间和量都要控制好，不要出现过了饭点还没有给猫咪喂食或一次给猫咪喂太多食物的情况，这样很容易导致猫咪患上各种消化疾病等。有些主人可能会说成年的猫咪基本上都可以控制自己的食量，即便主人喂多了，它们也不会吃太多。确实如此，但猫粮在空气中暴露太久，味道会变淡，这可不是猫咪想要的，它们喜欢味道浓的食物。除了定点定量的主食供应外，主人也可以为猫咪准备一些零食，零食的供应同样需要做好量的控制，因为零食吃太多而导致的肥胖或其他疾病等在临床上也是屡见不鲜，如果不想见到爱猫受苦，主人一定要狠心无视猫咪的各种卖萌乞食。有些猫咪喜欢在主人吃饭的时候围在主人身边，这时主人如果给猫咪吃的吧，怕对它们的身体不好，不给吃的吧，又受不了它们那无辜装可怜的眼神。其实，主人可以在自己吃饭前给猫咪准备好食物，当你自己开饭时，让猫咪也开始享用自己的大餐。需要注意的是，不要让猫咪跟你在同一个房间开动，比如你在餐厅吃饭，那么就让猫咪在其他房间用餐，总之不要让它们看到你也在吃东西。,金吉拉猫的鉴别挑选金吉拉猫温顺又高贵，温柔时善解人意，行动时灵性十足，就像皇室贵族的公主一样，十分讨人喜欢，更别说它可爱的外表了。如何挑选一只健康并且漂亮的金吉拉猫呢？我们可以从以下几个方面来选择：1、眼型眼睛应当是绿色或者蓝绿色的，眼型饱满，就是眼型一定是圆型，这样的猫猫的外观才是十分甜美的，品质也是很好的，值得注意的是杏核眼的眼型，这样的眼型就对猫猫的品质大打折扣了。2、鼻子鼻线和唇线也是黑色的。鼻子是砖红色，鼻子的长短是判断金吉拉的品质的重要的标准。3、侧脸值得注意的是，品质好的金吉拉从侧面观看猫猫的脸应该是平的，如果鼻子已经是象家猫那样的突出来的外形，有一个明显的高鼻梁，那么这就谈不上什么品质了，最多是当作宠物级别了。4、爪垫金吉拉所有的爪垫必须是黑色的。对于身上颜色不均匀，比如带一些非后天因素的颜色杂毛是不行的。
无毛猫,7000-20000元,无毛猫,无毛猫,,,加拿大,小型,宠物猫,宠物猫,,0CM,0KG,0年,加拿大无毛猫毛发稀疏，在耳、口、鼻、尾前锻、脚等部位有些又薄又软的胎毛，其它全身部分均无毛，皮肤皱褶似羚羊皮，有弹性，越年轻的猫的面部越圆，皮肤的皱纹越多；刚生下的小猫身上就有许多皱纹，并布满了柔细的胎毛，随着年龄的增长，绒毛仅残留于头部、四肢、尾巴和身体的末端部位。,,无毛猫已经培育出所有猫的颜色，这些颜色全显现在皮肤上，但眼睛颜色与体色相称。在它们身体上本应该出现暗色皮毛的地方，会有色素存在。,棱角分明、呈楔形、两颊瘦削、颧骨突出。,眼睛大，颜色通常为蓝色和金黄色。,耳廓大、直立；耳端尖圆，微向前倾。,,,,,四肢细长、肌肉发达、后肢较前肢长。,四肢细长、肌肉发达、后肢较前肢长。,无毛猫的品种介绍加拿大无毛猫又称斯芬克斯猫，英文名为Sphynx，它们来自加拿大，但有记载的无毛猫最先发现于美国，不过发现这种猫咪的人并没有它们进行研究和继续培育，反倒是加拿大的猫咪繁育者发现这种猫咪后进行了繁育。其实在世界各地都有无毛猫的存在，因为无毛猫主要是因为基因突变产生的。加拿大无毛猫并不是全身光溜溜的一点毛发也没有，在耳部、口部、鼻部、脚部等处都有毛发，但身体的其他部分没有毛发，虽然这种猫咪受到猫毛过敏者但又爱猫的人的喜欢，可还是有很多人无法接受它们皱皱的无毛皮肤。尽管加拿大无毛猫并没有一个“传统美人”的长相，他们的性情温顺，独立性强，无攻击性，能与其它猫狗相处。所以它们也很适合成为家庭伴侣宠物。最重要的是，加拿大无毛猫的智商很高，如果你以为暹罗猫的智商在猫咪中首屈一指，那么最新的调查报告则会让直到，有一只猫咪比暹罗猫的智商还好，那就是加拿大无毛猫，这意味着主人在训练猫咪的时候会相对轻松，而且主人还可以训练它们掌握一些难度较高的技能。无毛猫的发展起源斯芬克斯猫又名斯芬克斯无毛猫。早在1700年前就有南美墨西哥土著居民饲养过这种无毛猫的记载。但直到该品种在猫展中获得成功人们才开始注意它，并对它产生兴趣。TlCA承认该品种，此种猫在2005年被认定为稀有品种。有记载的最早无毛猫是一对名叫内利和迪克的同窝出生的兄弟。1903年，美国新墨西哥州人辛尼克从普韦布洛的美国本土印第安人手中买下了它们。1966年，无毛猫再次发现于加拿大多伦多，加拿大无毛猫的名字由此而来。此后不久，在美国的明尼苏达也发现了无毛猫。随着无毛猫的名声越来越大，世界各地也都有发现无毛猫的报道。于是，一些爱猫人士培育出斯芬克斯猫，这种斯芬克斯猫不容易受到基因疾病的侵扰，也不是近亲繁殖所生育的残疾。,,无毛猫的性格特点加拿大无毛猫一开始出现在人们的视线中时，很多人都觉得它们难以驾驭、不易驯养，然而一段时间过后，不少人却发现加拿大无毛猫不仅性情温顺，它们还非常容易被训练，因此加拿大无毛猫开始逐渐走进人们的家庭。起初，加拿大无毛猫被发现只是一个偶然，然而猫咪繁育者却开始对它们进行起研究，因为很多人虽然喜欢猫咪，但他们却对猫毛过敏，无毛猫的出现正好能解决这样一个问题，于是无毛猫的培育工作正式被提上日程。由于毛发稀少，所以这种猫咪的触感跟其他猫咪完全不同。加拿大无毛猫智商很高，它们的智商甚至超越了暹罗猫，所以除了基本生活技能的训练外，主人还可以教它们学习一些明星拓张技能，比如网络上很流行的装死等。但需要注意的是，智商高的猫咪学习能力很强，它们有可能会通过观察你开门关门而学会自己开门关门，而有的时候你放在抽屉里的零食也可能会被它们发现，因此主人在养加拿大无毛猫的时候可要做好监护工作，不要让它们背着你做出一些“坏事”哦~加拿大无毛猫它们对人温顺，与其他动物的相处也很好，特别是在与同类相处的时候，几乎不会出现激烈打斗的情况。此外，它们与狗狗也能和谐共处，所以你不必担心家中养了其他宠物就不能再多养一只加拿大无毛猫。虽然加拿大无毛猫性情温顺，但它们同时也是感情细腻的猫咪，如果主人在训练中眼里训斥它们，它们也会感到很受伤，长期被主人教训的猫咪最后只会离主人越来越远。,无毛猫的生活习性毛猫的舌头上有许多粗糙的小突起是除去脏东西的工具，他们在很多时候爱舔身子自我清洁并且经常清理自己的毛。无毛猫用舌头舔被毛，是为了刺激皮脂腺的分泌，使毛光亮润滑，不易被水打湿，并能舔食到少量的维生素D，促进骨骼的正常发育，还可使被毛蓬松，促进散热的功能。无毛猫一般常在进食和玩耍后，或追击猎物剧烈运动及在阳光下睡醒以后开始梳洗整理被毛。在炎热季节或剧烈运动之后，体内产生大量的热量，为了保持体温的恒定，必须将多余的热能排出体外。所以无毛猫就利用舌头将唾液涂抹到被毛上，唾液里水分的蒸发可带走热量，起到降温解暑的作用。在脱毛时经常梳理，可促进新毛生长。另外，通过抓、咬，能防止被毛感染寄生虫病，如跳蚤、毛虱病等，保持身体健康。无毛猫的祖先——野无毛猫，为了防止天敌从其粪便气味发现它、追踪它，于是便将粪便掩盖起来。这种行为行为完全是出于生活的本能，是由祖先遗传来的。现代无毛猫的这种行为已丝毫没有这方面的意义了，但却使无毛猫赢得了讲卫生的好声誉。加拿大无毛猫至今仍然保持着肉食动物那种昼伏夜出的习性，很多活动（如捕鼠、求偶交配）常常是在夜间进行。无毛猫每天最活跃的时刻是在黎明或傍晚，而白天的大部分时间都在懒洋洋地休息或睡觉。在亮处，无毛猫会将瞳孔缩得如线般狭小，以减少对视网膜的伤害，但会限制视野的广阔性。无毛猫的网膜背面有一层蓝绿色像荧光一般的薄膜可增加在暗处的视力，在闪光中，无毛猫眼能呈现各式各样颜色。如同多数食肉动物，它们眼睛都在脸上朝正前方，赋予其辽阔的视野。无毛猫对三原色的辨识力很差。如果加拿大无毛猫在这儿只有微弱光线，它们会使用胡须来改善行动力与感知能力。胡须可感受到非常微弱的风，以在看不太见的情况下辨识阻碍的位置。无毛猫有三眼皮，当无毛猫眼睑张开时，扎眼眼皮会从旁稍微遮盖住眼睛。如果无毛猫病了，或是睡眠、笑着，此眼皮会缩回一部分。如果有无毛猫长时间地崭露第三眼皮是生病的表现。几乎所有的无毛猫平时耳朵是朝上的，不同于狗，耳折下的无毛猫是非常稀有的，苏格兰折耳无毛猫就是个基因突变的例子。在生气或受惊时，无毛猫耳会垂下，并伴随着发出咆哮声。聆听事物时，无毛猫会因此而转动耳朵，如此无毛猫耳可以听到来自多方的声音。,无毛猫的优点/缺点,无毛猫的喂养方法加拿大无毛猫是肉食动物，因此如果想要给猫咪自制猫粮，主人可不要光给它们吃素。长期吃素的猫咪无法获取身体所需的营养，它们可能会表现为消瘦、消化障碍、营养不良的情况等。在给猫咪准备食物前，主人首先最好先要检查一下食物是否能给猫咪食用，比如动物肝脏等食物要适量供应，如果猫咪吃太多的动物肝脏会出现维生素A中毒的情况，可表现出呕吐、腹泻等症状。其次，主人也要注意一下食物的烹调方式。拿鱼来说，清蒸是最佳烹饪手段，这样不仅可以尽量保证鱼的鲜美，还能避免猫咪摄入过多的盐和油等。此外，有主人会给猫咪喂生食，如果是这样的话，主人一定要确保食物的安全，防止猫咪患上寄生虫病等。对于吃生食的猫咪，主人还需要定期给它们驱虫。在夏天的时候，为了避免食物变质，主人可能会将猫咪的食物放在冰箱，不过在给猫咪食用前，一定要将食物放至常温，否则猫咪一下吃了温度较低的食物后很容易呕吐或腹泻。如果你们家猫咪有翻过厨房垃圾桶的经历，那么主人在出门前要将垃圾直接带走或观上厨房的门，因为夏季气温较高，垃圾桶的食物会在短时间内腐败，猫咪一旦误食，会出现食物中毒的情况。对于给猫咪吃猫粮的主人来说，你们可以让猫咪自己挑选它们喜欢的口味。除了干粮外，很多厂家还推出猫罐头等软食。相对于干粮来说，软食的适口性更好、水含量也更高，不过猫咪长期吃软粮对它们的牙齿并没有益处，所以主人最好还是让猫咪以干粮为主食。如果猫咪想吃零食，主人也可以适当提供，但是千万不能只要猫咪一开口你就给它们喂，猫咪吃太多零食可能会变得肥胖、患上各种疾病等，严重危害了猫咪的身体健康。,无毛猫的鉴别挑选加拿大无毛猫是很稀有的品种，价格昂贵，繁殖较难，在国内并不多见，如果想要购买加拿大无毛猫最好去大型的宠物店预约购买。加拿大无毛猫毛发稀疏，在耳、口、鼻、尾前锻、脚等部位有些又薄又软的胎毛，其它全身部分均无毛，皮肤皱褶似羚羊皮，有弹性，越年轻的猫的面部越圆，皮肤的皱纹越多;刚生下的小猫身上就有许多皱纹，并布满了柔细的胎毛，随着年龄的增长，绒毛仅残留于头部、四肢、尾巴和身体的末端部位。加拿大无毛猫已经培育出所有猫的颜色，这些颜色全显现在皮肤上，但眼睛颜色与体色相称。在它们身体上本应该出现暗色皮毛的地方，会有色素存在。体重一般达到3.5到7公斤，肌肉发达，胸深，背较驼，腹紧凑而不上收。四肢细长，骨骼纤细，后肢比前肢长。头部棱角分明，宽大而呈楔形，颧骨突出，两颊瘦削，脸呈正三角形，耳廓硕大、直立，高耸于头顶，耳端尖圆，微前倾;眼睛大而微突呈柠檬状，稍倾斜，多为蓝色和金黄色;上眼角斜向耳，间距较宽。尾巴如老鼠般又细又长，像长鞭一样弯曲上翘。
高地折耳猫,3000-8000元,高地折耳猫,高地折耳猫,,,苏格兰,小型,宠物猫,宠物猫,,0CM,0KG,0年,高地折耳猫就是长毛的折耳猫，属苏格兰折耳猫。我们都知道折耳猫有遗传性骨骼病，比如发病猫咪的尾巴会变得粗短僵硬，但长毛折耳猫受这个问题困扰的程度较轻。此外，由于很多人特别喜欢长毛折耳猫看上去像没有耳朵的脑袋，所以它们在近两年一跃成为折耳猫中的大明星。,,,头部浑圆,圆圆的大眼睛炯炯有神，两眼间距宽，颜色以古铜 色、金黄色多见,耳朵向前且向下折，越低越好，耳尖应指向鼻子， 两耳间距宽,,尾巴为身体长度的一半以上，尾尖钝圆，且能弯曲,胸宽深,颈部周围有装饰毛,前肢粗壮,前肢粗壮,高地折耳猫的品种介绍我们常见的折耳猫有苏格兰折耳猫和高地折耳猫。它们都有着一双弯曲折下的耳朵，这让爱猫的人士也感到非常的奇特。高地折耳猫就是折耳猫的突变品种，它的毛发较长，因此将它归属于长毛折耳猫一类，其性格和普通折耳猫没有很大的区别。高地折耳猫和苏格兰折耳猫从外型上也就是长毛短毛的区别。但折耳猫在短毛个体繁育过程中常出现尾部骨骼问题，一只非常优秀的短毛折耳也常常会出现尾巴骨骼的粗大，尾骨关节得不灵活或者尾巴长度的变短，这是困惑所有折耳繁育者的一大难题，但是这个问题在长毛个体上出现的情况却变得好很多。,,高地折耳猫的性格特点高地折耳猫平时拥有非常甜美的性格，它的甜美仿佛糖果般亲蜜纯真，它们喜欢和主人接触，喜欢参与和主人有关的任何事情。它们会静静的待在主人旁边，看着主人的一举一动，而不会发出声音来打扰主人。高地折耳猫没有什么运动天赋，它们大多数时候更喜欢躺着睡觉，安静的躺在自己的猫窝内，静静的透过窗户向外望去。虽然它们的运动天赋一般，但它们还是喜欢和主人一起嬉戏玩耍，也渴望得到主人的关怀和青睐。,高地折耳猫的生活习性高地折耳猫的性格习惯与普通的折耳猫都没有太大的区别，平时非常的甜美，而且仿佛糖果般亲蜜纯真。虽然，高地折耳猫运动天赋一般，但它喜欢和主人接触。它们渴望参与主人的任何事情，也希望得到主人的青睐。它们可以和主人嬉戏互动，也可以安静的待在主人身边，不会有任何打扰。高地折耳猫不会像暹罗猫那么聒噪，它们拥有温柔的个性。高地折耳经常喜欢静静地待在主人身边看主人做事，如果主人召唤，它们就会过来跟主人来个亲密接触，不过折耳猫可不是“呼之即来、挥之即去”的，它们还是希望主人能够多关注它们一些。,,高地折耳猫的喂养方法跟所有的折耳猫咪一样，高地折耳猫在饮食上特别讲究，当它们吃惯了某一种猫粮后，主人最好就不要再更换猫粮了。如果想让猫咪饱饱口福，你可以多少给它们准备点零食。但是需要注意的是，有的猫咪很喜欢吃虾等高蛋白食物，但这种食物不宜过多喂食，喂食过多一方面容易造成猫咪挑食，另一方面不利于猫咪的健康成长。,高地折耳猫的鉴别挑选又称长毛苏格兰折耳猫，在培育苏格兰折耳猫的过程中，原本是短毛的苏格兰折耳猫，却出现了长毛品种，这便是高地折耳猫。高地折耳猫诞生于英国，却深受美国人的喜爱，并被不断用来培育和繁殖；目前仍然属于新品种，数量不是很多。高地折耳猫头部浑圆，耳朵向前且向下折，越低越好，耳尖应指向鼻子，两耳间距宽；圆圆的大眼睛炯炯有神，两眼间距宽，颜色以古铜色、金黄色多见。被毛中等长度，底毛稀少，但十分浓密，贴于身体表面，触感柔细光滑，颈部周围有装饰毛；因耳朵被长毛遮住一些，所以折耳的特色并不十分明显；体型圆润矮胖，略显肉多，母猫体型比公猫娇小些，胸宽深，肩与腰同宽；四肢粗壮，脚掌丰满紧凑，握力大；尾巴为身体长度的一半以上，尾尖钝圆，且能弯曲。
曼基康矮脚猫,6000-15000元,曼基康矮脚猫,矮脚猫,,,美国,小型,宠物猫,宠物猫,,0CM,0KG,0年,曼基康猫中等身形，身体略长；胸部浑圆；臀部结实。由于后肢较前肢长，肩到尾巴的背线微微升起，雌猫比雄猫的身形较细。拥有一双短脚是它的一大特色。四肢都很短，后肢比前肢长。此猫种表现缩短了或微弯的长骨骼，不过其脊骨却末受影响，而且形状和柔韧度也与其它本地猫的相似。虽然它的四肢很短，但丝毫不会影响它奔跑的速度。,,黑、白单色或黑白双色、斑纹形式、双色等全色。,头部中等大小，介乎正三角型与楔型之间，略带圆型。,眼睛为大核桃型，眼现谨慎之色，眼尾往上吊，颜色深且鲜艳。,耳朵呈大的三角形。,,尾巴位于较高的位置，活动时仍然依旧，尾巴与体型对称，稍粗，尾端圆且细。,,,脚短，后肢较前肢长。,脚短，后肢较前肢长。,曼基康矮脚猫的品种介绍曼基康矮脚猫有很多个名称，学名是曼基康猫（短毛矮脚）、拿破仑猫（长毛矮脚）；其他称呼：短腿猫、矮脚猫、柯基猫、腊肠猫等。曼基康猫中等身形，身体略长；胸部浑圆；臀部结实。曼基康矮脚猫的发展起源曼基康矮脚猫的历史起源很难追溯，很早以前就有过腿很短的猫咪的记录，二战后到上世纪八十年代年便消失掉了，直到1983年，桑德拉hockendal第一个发现并救出一个怀孕的流浪猫，其显性特征表现腿短。这只黑色的猫咪很快生出了一窝与它同样短腿的小猫。随着时间推移，这群短腿小猫在桑德拉hockendal位于路易斯安那的种植园继续繁衍。不久之后，这些猫咪引起了Dr.SolveigPflueger（当时的临床遗传学家，在海湾国家医疗中心和塔夫茨教员）的注意，她开始了漫长的品种接纳道路。她把它们命名为曼基康猫，也就是矮脚猫的祖辈。,曼基康矮脚猫的FCI标准,曼基康矮脚猫的性格特点曼基康猫开朗活泼、友善、易与人相处、对周围反应敏感。性格友善、聪明，很快便能学会一些小把戏。它像一个长不大的小孩子，终生都保留着小猫的天真活泼的特性。所以此猫很适合那些希望自己的猫咪永远长不大的人们饲养。,曼基康矮脚猫的生活习性,曼基康矮脚猫的优点/缺点,曼基康矮脚猫的喂养方法适当的运动：曼基康猫十分喜欢亲近主人，所以不要让它长时间地单独留在家中，主人回家后最好能多抽时间和它们玩耍。在玩耍中，即可以与它增进感情，又能够帮助它保持苗条的身材，这样一举两得。饮食：同大多数猫一样，它们的肠胃比较弱，喂养时所给的猫粮最好是固定品牌，如果需要为它们更换其它品牌的猫粮，一定要慢慢来，在转粮的过程中，还要特别留意它们的便便，因为，突然更换猫粮，很容易导致猫咪的腹泻。此外，曼基康猫是美国体型，也就是瘦猫，所以，主人还要特别注意每天准备的食量，不要太多，这样美美的猫咪才能保持纤细的好身材哦~,曼基康矮脚猫的鉴别挑选
波斯猫,3000-8000元,波斯猫,喜马拉雅,,,阿富汗,小型,宠物猫,宠物猫,,0CM,0KG,0年,波斯猫（Persian cat）是以阿富汗的土种长毛猫和土耳其的安哥拉长毛猫为基础，在英国经过100多年的选种繁殖，于1860年诞生的一个品种。波斯猫是最常见的长毛猫，波斯猫有一张讨人喜爱的面庞，长而华丽的背毛，优雅的举止，故有“猫中王子”、“王妃”之称，是世界上爱猫者最喜欢的纯种猫之一，占有极其重要的地位。,,波斯猫的毛色大致分五大色系，近88种毛色。其中单色系有白色、黑色、蓝色、红色、奶油色等。金吉拉色系（=金吉拉猫）有鼠灰色（毛尖色）、渐变银色、渐变金色等。烟色系有烟色(毛根白色、渐变蓝色、渐变红色等。虎斑色有银色、棕色、红色、奶油色、蓝色等。混合色系包括玳瑁色、三色、蓝奶油色，以及黑白、蓝白、红白等双色。毛色中红色（多半雄性）和玳瑁色（多半雌性）较为罕见，故此毛色的波斯猫也十分珍贵。,波斯猫的头又圆又大，头盖骨甚宽阔，两颊丰满。,既大且圆， 眼色亮泽，双眼间距宽阔， 予人可爱的神情。(扫盲：眼睛颜色不一样的是血统很杂的)眼色因毛色而定，一般认为波斯猫眼睛的颜色有蓝色、绿色、紫铜色、金色、琥珀色、怪色和两只眼睛具有不同颜色(即鸳鸯眼)。,耳朵细小，浑圆，向前倾斜，耳朵底部不会过分宽阔，双耳间距阔，位于头上偏低位置。,短、扁、宽阔；纯种波斯猫鼻子和眼睛处于一线，因此也叫一线猫。,波斯猫的尾巴短，但与身体成比例协调。,,,短而粗壮，前肢笔直。,短而粗壮，前肢笔直。,波斯猫的品种介绍波斯猫，又被人称为波斯、金吉拉或喜马拉雅，拉丁学名为Persian。在人们的印象中，它们的名字就代表着贵族。在中国，大多数人开始饲养宠物猫也是从波斯猫开始。不过大部分饲养者所饲养的波斯猫并非纯种波斯猫，而是一些商家为迎合消费市场所繁育出来的非纯种波斯猫，这点从它们的价格就可以看出来，一般情况下，纯种波斯猫的价格在上千美元。波斯猫的物种分布跟很多猫咪一样，虽然它们叫波斯猫，但并不是在波斯诞生的一个品种。波斯猫起源于波斯（伊朗），是人们以阿富汗土种长毛猫和土耳其或亚美尼亚地区的安哥拉长毛猫为基础、在英国经过100多年的选育繁殖而诞生的一个品种。据说维多利亚女王养了两只蓝色波斯猫，威尔士王子(爱德华七世)在猫展上对其大为褒奖，从此波斯猫的名声越来越大，公众也由此而为之倾慕。波斯猫在全球各地都有分布，虽然受到布偶猫、异国短毛猫、折耳猫等新晋猫咪来势汹汹的冲击，但波斯猫“最受宠主欢迎猫咪”的地位并未被动摇，这也足以说明波斯猫的魅力有多大。波斯猫的发展起源起源史波斯猫起源於波斯（即今天的伊朗），16世纪首次出现在英国，一般认为首先将波斯猫带入欧洲的是意大利的旅行家PietroDellaValle，举止优雅及蓬松的长毛，一开始在欧洲出现便很受欢迎，经繁殖至今品种愈来愈多。但今天所见的长毛波斯猫的品种则是19世纪时所产生正确起源不详。进化史驯养猫的历史要比犬晚得多。这一时期可能不会早于公元前七千年，当时由于农业得兴旺发达，在中东形成了“新月形米粮仓”地带。家宅、谷仓和粮食商店的出现为鼠类及其他小型哺乳类动物提供了新的生存环境，而这些动物正好是小型野猫的理想猎物。从一开始，人与猫之间就建立起互利关系：猫获得了丰富的食物来源，而人类免除了讨厌的啮齿动物的困扰。最初，这些野猫的存在可能不被人类所接受甚至受到鼓励，不时抛给一些食物。就象狼一样，较为驯服的一些野猫逐渐被吸纳进入人类社会，由此产生了最早的半驯化猫群体。家猫几乎肯定是遍布于欧洲、非洲和南亚的小型野猫的后裔。在这片广袤的地域内，根据当地的环境和气候条件，演变出无数个野猫亚种群。它们的外观不尽相同，生活在北方的欧洲野猫身材粗壮，短耳，厚皮毛；非洲野猫的身材更修长，长耳，长腿；而生活在南方的亚洲野猫则身材小巧，身上带斑点。家猫的原始祖先很可能是非洲野猫，因为非洲野猫的形体只稍大于家猫，性情也比其他品种野猫温顺。非洲野猫经常出没在人类住地附近，并很容易被驯化，往往作为当地居民地宠物来饲养。驯化后的猫被带到世界各地后，可能与当地野猫相互交配，成为不同地区现代家猫的祖先。带深色斑纹的欧洲家猫的皮毛纹路兼备了欧洲野猫和非洲野猫的特点，而生活在印度的家猫所带的斑点说明它们的先祖与亚洲野猫有着血缘关系。家猫与丛林猫等另外一些野猫品种杂交后产生的品种不大可能对家猫的主流品种产生重大影响。经过数千代的繁殖，在猫身上也发生了家养过程所引起的生理变化，这与狗身上的变化相似。包括形体变小，爪子缩短，大脑和颅腔容积缩小，伸展双耳和尾巴的姿态以及皮毛的颜色和质地也起了变化。不过猫与狗不同，它们在人类社会中保持着很大程度的独立性，因此很少因为选择性的外来压力而形成某些为人类所需要的行为特征。因此，家猫与其祖先野猫相比，在外貌上变化不大，在早期的考古发现中很难加以区分。在不同的史前人类遗址附近都曾发现过猫的残骸，包括约九千年前的以色列新石器时代遗址，四千年前的巴基斯坦印度河谷遗址。不过，这些残骸很可能是为了谋取皮毛或肉而被杀死的野猫。有趣的是，在地中海的塞浦路斯岛上同时发现了八千年前的猫和鼠的残骸，它们只能是被人类移民带到岛上。尽管这些猫可能尚未完全驯化，但它们是有意被带到岛上来对付鼠害的。在埃及神话中猫是地府的守卫者。它猎食老鼠，小鸟，兔子等，对人类有很大帮助。,波斯猫的FCI标准头部：头形饱满圆润，额头宽阔，脸部从肌肉到骨骼都应该呈现完美的圆形，颈短但颈部的毛发很长。头部骨骼用手触摸感觉平滑圆润，从鼻凹处触摸至后脑不应有过度的凹陷或凸出。两眼之间要有足够的距离。鼻子：短、扁、宽，鼻子的凹陷处位于两眼中间。脸颊：饱满、鼻口处不凸出，脸颊曲线柔和圆润。口部：宽厚有力。下颚：宽厚饱满，与整个面部组合成完整的圆形，咬合无缺陷。耳朵：小而圆，耳尖朝前，耳朵基部不应太大。位置在头顶两侧，两耳间要有足够的间距。两耳应恰当的融入头部的曲线中，歪耳或耳朵的尖端凸出于头顶的等高线都会被扣分。眼睛：颜色鲜艳、大、圆并且形状饱满，两眼之间有足够的距离，使整个面部表情显得甜美可爱。身体：波斯猫的身体就像是结实的矮脚马似的，腿很短，胸部宽阔，从肩部到尾部都很宽厚、结实，身体的横截面应该是完整的圆形，侧看背部的的线条应是水平的。身体强壮，有丰富的肌肉，不肥胖。体型或大或中等均可，需要强调的是对波斯猫的评判是从整体表现出发，而绝不是按体型大小来衡量品质优劣。四肢：短、粗、强壮有力。前腿直，后腿从身体正后方看也应是直的。爪：大、圆且有力，脚趾合拢，前爪有5趾，后爪有4趾。尾巴：短，但是与身体的长度应成比例，尾巴不能有折尾或其他骨骼畸形。毛发：长且致密，质地光滑柔软，浓密的毛发勾勒出波斯猫丰满的身体曲线。就连肩部和前腿之间都被长毛遮盖，颈部的毛发更加突出，如同围了一条厚实的围巾。耳廓和脚掌的饰毛也很长。失格：额头上有白斑；尾巴畸形；脚趾数量不对；外观上有显著的缺陷；脊椎骨有显著的畸形；头骨有明显的畸形导致面部和头部的不对称；对眼。对于重点色猫来说，脚趾上有白色或者眼睛不是蓝色也不能参加比赛。,波斯猫的性格特点波斯猫天资聪颖，温文尔雅，反应灵敏，善解人意。性情属外静内动，表面安静懒动，却隐匿了内心的喜怒哀乐，而且渴望得到主人的关爱。集宠物的优秀性情于一身，举止高雅，恬静可爱，乐观向上，对人诚实，易于沟通。还是著名的捕鼠高手。,波斯猫的生活习性别以为波斯猫是猫中贵族，它们适应新环境的能力就很差，恰恰相反，它们的适应能力很强，即便是刚带回家，它们也不会出现立即躲到角落的情况，它们会先观察一下新环境，然后再慢慢来个巡逻。主人如果担心猫咪去了不该去的地方，可以跟在它们的后面陪护，不过它们看上去一定会像是你的主人。一般情况下，波斯猫都是比较亲人的，但在一种情况下除外——夏日高温季节，有些猫咪甚至会在你抱它们的时候直接推开你。在夏季，猫咪可能更喜欢躺在地板上，以帮助自己度过炎炎夏日。因此，主人在夏季要做好波斯猫的消暑工作，购买一个降温垫或给猫咪定时开空调等都是不错的选择。虽然波斯猫行动总是不紧不慢，但并不代表它们的反应也很慢。波斯猫反应灵敏，一点风吹草动也能让它们迅速做出反应。波斯猫比较粘人，但如果你因为工作较忙而不能顾及它们的时候，它们也会安静地待在一边看着你忙忙碌碌。其实波斯猫内心还是很希望有主人来安抚一下的，所以当你休息或完成工作时，一定要跟它们来个互动，摸摸它们的身体、陪它们来个小游戏等都会让它们心花怒放。,波斯猫的优点/缺点,"波斯猫的喂养方法1、猫的食盘要固定使用，不能随便更换。猫对食盘的变换很敏感，有时因换了食盘而拒食。要保持食盘的清洁。食盘底下可垫上报纸或塑料纸等，防止食盘滑动时的声响，而且也易于清扫。每次猫吃剩的食物要倒掉或收起来，待下次喂食时和新鲜食物混合煮熟后喂给。2、喂食要定时定点。猫“开饭”的生物钟一旦形成，就比较固定，不应随意变更。放猫食的地方要固定,猫不喜欢在吵杂声中和强光照射的地方吃食，如果有客人来访，不要在猫吃食时让客人看你的猫，陌生人的出现，会大大降低猫的食欲。3、猫有用爪钩取食物或把食物叼到食盘外边吃的不良习惯。 一旦发现这种现象，要立即调教，使其改正。4、猫喜食温热的食物。凉食、冷食不但影响猫的食欲，还易引起消化功能紊乱。一般情况下，食物的温度以30～40度为宜，从冰箱内取出的食物，要加热后再喂。猫有时候也会吃草，促进消化。5、猫虽然饮水不多,但一定要备有充足的清洁饮水。猫饮用水必须是清水，而且每天都要换水。饮水盆可放在食盘一侧，以便猫口渴时自由饮用。6、随时注意观察猫的食欲。影响猫食欲的原因很多，主要有饲料、环境和疾病三大原因。如果猫的食物单一、不新鲜，或者食物的气味、浓度、味道不对胃口等，猫会拒食。如果把猫饲料调配得花样多一些、适口性好些，能使猫始终保持很高的食欲。另外，食物的味道不要太淡，也不要太咸。猫喜吃甜食或有鱼腥味的食物。此外，强光、喧闹、有陌生人在场或有其他动物干扰等均可影响猫的食欲。若这两个因素都改善了，猫的食欲仍不好转，那可能是猫生病了，这时要及时请兽医诊治。7、猫是很爱干净、喜欢清洁的动物。给猫洗澡不仅可使猫美观、清洁，而且可以防治猫皮肤病和体外寄生虫感染，以及有促进猫血液循环和新陈代谢等健身防病作用。经常给猫洗澡不但有益于猫的清洁健康，而且也有利于保持室内环境卫生和加深与猫之间的感情。因此，洗澡对猫来说是十分重要的。",波斯猫的鉴别挑选一、从波斯猫的外形来判断1、波斯猫的头部大都大而圆，面部扁平，不过也有些波斯猫并不是大饼脸，猫友在购买时可不要只认大饼脸哦~2、鼻子短而宽，有些猫咪还会呈现明显的“塌鼻梁”的特征。3、大而圆的眼睛也是波斯猫的萌点之一，它们的眼睛微凸，眼色主要有蓝色、绿色、紫铜色、金色等，部分猫咪为鸳鸯眼。4、耳朵微向前倾，耳基部位置低于头盖。5、尾巴又短又圆，跟身体搭配得天衣无缝。6、波斯猫的毛色主要为白色和银灰色，健康的猫咪被毛柔软蓬松。而由于其身材属于短胖型，所以波斯猫广受喜爱。二、从波斯猫的气质上来鉴别猫友除了可以根据外形来鉴别波斯猫外，也可以通过猫咪的气质来判断猫咪是否“正宗”。波斯猫举止优雅、喜静少动，如果看到一只被称为“波斯猫”的猫咪上蹿下跳，那么你最好不要购买，因为波斯猫可是“猫中贵族”，它们哪能做出那么不顾形象的事来呢？三、从波斯猫的价格上来看波斯猫的参考出售价为3000-8000元，如果价格过低，即便它看上去再怎么像纯种，小编建议您都不要购买哦。
橘猫,2000-5000元,橘猫,橘猫,,,全世界范围,小型,宠物猫,宠物猫,,0CM,0KG,0年,,,,,,,,,,,,,橘猫的品种介绍橘猫是家猫常见的一种毛色，普遍存在于混种猫和不具独特规定毛色的注册纯种猫中，与任何品种无关，只与被毛遗传基因有关。橘猫的毛色通常分成全橘色、橘白相间两种。全橘色的猫，身上会带有浅浅白色条纹相间，仅有少数猫会在肚子呈现白色。橘白相间的猫，身上有大块橘色斑块与白底毛色相间。橘猫给人一种爱吃易胖、需要控制食量的印象，美国一家动物收容所在2012年就收留一只体重达19公斤的橘子猫，漫画加菲猫的原型其实也是橘色的雄性异国短毛猫。注意：橘猫泛指被毛色类似于橘色的猫，包括土黄、淡黄、橘黄、橘红等，同三花和玳瑁一样，不限制品种，美国短毛猫、异国短毛猫、日本截尾猫、日本短毛猫、东方短毛猫、波斯猫、缅因猫等很多品种均有橘色个体，可以统称为橘猫，橘猫并非某一品种，也并非特指混种猫。,,橘猫的性格特点家中饲养的橘猫给人的印象是个性活泼好动也比较爱叫，幼猫时期非常调皮爱玩，喜欢向人撒娇且非常亲人。成年后的橘猫个性略为沉稳，但向人撒娇的功力没有变弱，甚至更加亲人。,橘猫的生活习性,橘猫的优点/缺点,橘猫的喂养方法1、首先，小橘猫确实是非常好养的，在它小的时候，我们是可以给小橘猫喂一些牛奶的，小橘猫太小的时候，如果没有足够的奶喝的话，那是会影响它的成长的，一般我们可以选择每天适当的喂一些牛奶，之后喂一些米饭，米饭里面我们可以放一些鱼汤。2、小橘猫虽然小，但它的食欲是非常好的，因为橘猫普遍都不挑食，它们的生存能力是非常强的，可以适应很多的恶劣环境，所以，我们可以喂一些杂粮，这样可以控制它们的食量，从而避免它们吃的太多从而变胖。3、小橘猫对于运动是其实不是太喜欢，它们显得有些慵懒，我们是需要多陪它玩的，这样它才能动起来，从而增加它的免疫力，因为它总是吃了睡睡了吃，那样是会导致它生病的。4、养小橘猫是需要给它清理毛发的，它的毛发一般不是太长，但是比较容易粘灰尘的，虽然它也会自己清理，但在背部的地方它是清理不到的，我们需要定期给它清理毛发，用梳子梳一梳就可以了，它比较小是不适合洗澡的。5、在养小橘帽的时候，我们还需要从小就培养它在指定的地方上厕所，不然等它长大之后就很难培养出来了，一般我们是可以专门找个盆，盆里面我们放一些沙子，之后就让它每次就在那里盆里上厕所。6、最后，养小橘猫的时候，我们还需要带它出去溜溜弯，这个也是非常有必要的，橘猫和其他猫不太一样，它更多的是喜欢和人类在一起的，不爱锻炼，我们需要带它出去溜溜弯，从而培养它锻炼的行为，不然它会变得很胖很胖，从而导致它生病。,橘猫的鉴别挑选
阿比西尼亚猫,5000-10000元,阿比西尼亚猫,阿比西尼亚,古埃及猫,,古埃及,小型,宠物猫,宠物猫,,0CM,0KG,0年,阿比西尼亚猫身躯柔软灵活，其外表与暹逻猫有些许类似，但是整个体态要比暹罗猫来得丰腴一些。阿比西尼亚猫有着楔形的脸蛋、大而尖的耳朵、呈杏仁状的双眼，眼睛的颜色为琥珀色、浅褐色或是绿色，眼睛的周围并有一圈深色的色环，像是画了眼线一般。阿比西尼亚猫属于中等体态的猫，在北美洲及欧洲各有不同的体型发展，如在北美洲发展的阿比西尼亚猫头形较圆，而欧洲的品种其吻部则较为细尖。,,红色、棕红色、蓝色、鹿色,头形精巧，为稍带圆的三角形。鼻梁稍隆，吻短而坚实，齿为剪式咬合。,眼大呈杏仁形，略吊眼梢；眼缘黑色，周围为褐色毛覆盖。眼色为绿、黄、淡褐等色。,耳大而直立，基部宽，耳廓边缘很薄，耳端稍尖并前倾。耳毛短而密，红褐色种毛尖黑色或黑褐色；红色种毛尖呈巧克力色。耳内长有饰毛。,鼻梁较高,尾长而尖，呈锥形，尾根部粗大。,,,四肢细长，脚爪纤巧，与圆形而修长的身材协调一致。,四肢细长，脚爪纤巧，与圆形而修长的身材协调一致。,阿比西尼亚猫的品种介绍传说现代的阿比西尼亚猫是古埃及被崇拜为“神圣之物”的古埃及猫的后裔。在保存下来的古埃及神猫的木乃伊中，有一种血红色的猫与它十分相像，因此，许多人认为它是古埃及神猫的直系后代。由于它的整体外形、毛色、直立耳均同非洲山猫接近，亦有人认为它源于非洲山猫。阿比西尼亚猫身躯柔软灵活，其外表与暹逻猫有些许类似，但是整个体态要比暹罗猫来得丰腴一些，阿比西尼亚猫有着楔形的脸蛋、大而尖的耳朵、呈杏仁状的双眼，眼睛的颜色为琥珀色、浅褐色或是绿色，眼睛的周围并有一圈深色的色环，像是画了眼线一般。阿比西尼亚猫的发展起源阿比西尼亚猫又称埃塞俄比亚猫、又因步态优美被誉为芭蕾舞猫。而阿比西尼亚猫的毛色同野兔相像，英国人亦称它为兔猫或球猫。阿比西尼亚猫历史悠久，原产于阿比西尼亚(今埃塞俄比亚)。在保存下来的古埃及神猫的木乃伊中，有一种血红色的猫与它十分相像，因此，许多人认为它是古埃及神猫的直系后代。由于它的整体外形、毛色、直立耳均同非洲山猫接近，亦有人认为它源于非洲山猫。1860年，一位英国军官把数十只阿比西尼亚猫由黑色非洲带到大不列颠，接着便对这种猫进行了精心的培育，使其迅速地传播开来。1929年确立了阿比西尼亚猫的品种标准，继而又成立了阿比西尼亚猫爱好者俱乐部，并对这种猫做了进一步的选育和改良工作，终于形成了我们今天见到的阿比西尼亚猫。,,阿比西尼亚猫的性格特点阿比西尼亚猫热情可爱，活泼好动，警觉敏捷，善于登高爬树，爱晒太阳和玩水，叫声轻柔悦耳，对主人极富感情，是人们非常理想的伴侣动物，尤其适合喜爱宠物、耐心细致、童心未泯的赋闲老者。,阿比西尼亚猫的生活习性阿比西尼亚猫性格温顺，而且活泼开朗。喜欢生活在比较宽敞的环境，喜欢自由活动，不愿被限制在窄小的地方，因而不适合养在公寓里。这种猫喜欢独居，善爬树，体态轻盈，性情温和，很通人性，是非常理想的伴侣。阿比西尼亚猫乐忠于单独居住，对于爬树是喜欢的不得了。它对人的感情是非常丰富的。它有非常悦耳的声音，就算当它处于发情的时期里，也不会出现十分大的叫声。如果有对陌生人出现在它的身边，它回显得非常的害怕，它还有一个和别的猫不同的特点，就是讨厌人们把它抱起来玩。阿比西尼亚猫每次产崽大概是在4只左右，刚出生的小猫是非常小的，它的发育是比较缓慢的，刚开始的时候，毛色是稍微呈黑色的，到后来就一点点的变浅了。,阿比西尼亚猫的优点/缺点,阿比西尼亚猫的喂养方法饲养阿比西尼亚猫，除了猫粮之外，建议每周给阿比西尼亚猫吃一点点肉类食物，但是量不要太大，指甲盖大的几小块就可以了。如果可以嚼过后在喂小猫就更好了，因为阿比西尼亚猫的消化系统中缺少一种酶，而这种酶正好可以通过人的唾液来提供，这样做有利于阿比西尼亚猫的消化吸收。猫罐头来说，不推荐四个月以下的咪咪食用。要是一定要喂建议可以用一点点罐头拌了米饭再给他们吃。因为猫罐头是高能量、高蛋白质的食物，就像人们在春节时候吃的大餐一样，每次直接喂他们吃的话有可能会引起消化不良。而像米饭这样的碳水化合物，对猫的生长是有好处的。需要注意的是，在阿比西尼亚猫三个月以下的时候吃罐头或单纯的肉类是很容易引起消化不良的。因为他的消化器官很娇嫩，缺少好多消化酶，所以消化不好就会拉稀，可以喂些乳酶生调节一下他的肠胃功能。阿比西尼亚猫还是用温水将猫粮泡软了比较容易消化的。少食多餐，不要吃过于油腻的食品。,阿比西尼亚猫的鉴别挑选挑选一只健康的阿比西尼亚猫，首先要仔细观察它的眼睛、鼻子和耳朵。眼睛要明亮，清澈，有生气。眼屎太多的话，就可能是得了病。鼻子要潮湿，这也很重要，因为鼻子要是干的话，多半在发烧。耳朵内侧要干净，如果有黑色的污垢，说明可能有螨虫或其他寄生虫，粉红色的就是没问题的。 胖墩墩的体形是猫的理想体形。猫到底是好还是不好，有时抱抱看更容易区分。抱抱猫可以知道它的骨架是否够大，是否肥胖。当那个你挑阿比西尼亚猫挑的眼花缭乱的时候，请注意一点，就是亲手抱抱确认一下很重要。
德文卷毛猫,元,德文卷毛猫,"德文帝王猫,德文猫",英国德文郡,英国,英国,小型,英国,,,1CM,0KG,10年,,,,,,,,,,,,,,,,,,,
